-- Insert languages:
INSERT INTO `language` (`languageId`, `isDefaultLang`) VALUES ('ar', true);
INSERT INTO `language` (`languageId`, `isDefaultLang`) VALUES ('en', false);

INSERT INTO `languageTranslation` (`languageId`, `langId`, `languageName`) VALUES ('ar' ,'ar', 'العربية (AR)');
INSERT INTO `languageTranslation` (`languageId`, `langId`, `languageName`) VALUES ('ar' ,'en', 'Arabic (AR)');
INSERT INTO `languageTranslation` (`languageId`, `langId`, `languageName`) VALUES ('en' ,'ar', 'الإنجليزية (EN)');
INSERT INTO `languageTranslation` (`languageId`, `langId`, `languageName`) VALUES ('en' ,'en', 'English (EN)');

-- Insert themes:
INSERT INTO `theme` (`themeId`) VALUES ('default');
INSERT INTO `theme` (`themeId`) VALUES ('ace');
INSERT INTO `theme` (`themeId`) VALUES ('schooly');
INSERT INTO `theme` (`themeId`) VALUES ('greenish');
INSERT INTO `theme` (`themeId`) VALUES ('purplish');
INSERT INTO `theme` (`themeId`) VALUES ('cerulean');
INSERT INTO `theme` (`themeId`) VALUES ('cosmo');
INSERT INTO `theme` (`themeId`) VALUES ('cyborg');
INSERT INTO `theme` (`themeId`) VALUES ('darkly');
INSERT INTO `theme` (`themeId`) VALUES ('flatly');
INSERT INTO `theme` (`themeId`) VALUES ('journal');
INSERT INTO `theme` (`themeId`) VALUES ('litera');
INSERT INTO `theme` (`themeId`) VALUES ('lumen');
INSERT INTO `theme` (`themeId`) VALUES ('lux');
INSERT INTO `theme` (`themeId`) VALUES ('materia');
INSERT INTO `theme` (`themeId`) VALUES ('minty');
INSERT INTO `theme` (`themeId`) VALUES ('pulse');
INSERT INTO `theme` (`themeId`) VALUES ('sandstone');
INSERT INTO `theme` (`themeId`) VALUES ('simplex');
INSERT INTO `theme` (`themeId`) VALUES ('sketchy');
INSERT INTO `theme` (`themeId`) VALUES ('slate');
INSERT INTO `theme` (`themeId`) VALUES ('solar');
INSERT INTO `theme` (`themeId`) VALUES ('spacelab');
INSERT INTO `theme` (`themeId`) VALUES ('superhero');
INSERT INTO `theme` (`themeId`) VALUES ('united');
INSERT INTO `theme` (`themeId`) VALUES ('yeti');
INSERT INTO `theme` (`themeId`) VALUES ('office-white');
INSERT INTO `theme` (`themeId`) VALUES ('purple');

INSERT INTO `themeTranslation` (`langId`, `themeId`, `themeName`) VALUES ('ar', 'default','العادي');
INSERT INTO `themeTranslation` (`langId`, `themeId`, `themeName`) VALUES ('en', 'default','Default');

INSERT INTO `themeTranslation` (`langId`, `themeId`, `themeName`) VALUES ('ar', 'ace','أسي');
INSERT INTO `themeTranslation` (`langId`, `themeId`, `themeName`) VALUES ('en', 'ace','Ace');

INSERT INTO `themeTranslation` (`langId`, `themeId`, `themeName`) VALUES ('ar', 'schooly','سكولي');
INSERT INTO `themeTranslation` (`langId`, `themeId`, `themeName`) VALUES ('en', 'schooly','Schooly');

INSERT INTO `themeTranslation` (`langId`, `themeId`, `themeName`) VALUES ('ar', 'greenish','خضاري');
INSERT INTO `themeTranslation` (`langId`, `themeId`, `themeName`) VALUES ('en', 'greenish','Greenish');
INSERT INTO `themeTranslation` (`langId`, `themeId`, `themeName`) VALUES ('ar', 'purplish','الأرجواني');
INSERT INTO `themeTranslation` (`langId`, `themeId`, `themeName`) VALUES ('en', 'purplish','Purplish');
INSERT INTO `themeTranslation` (`langId`, `themeId`, `themeName`) VALUES ('ar', 'cerulean','سماوي');
INSERT INTO `themeTranslation` (`langId`, `themeId`, `themeName`) VALUES ('en', 'cerulean','Cerulean');
INSERT INTO `themeTranslation` (`langId`, `themeId`, `themeName`) VALUES ('ar', 'cosmo','كوزمو');
INSERT INTO `themeTranslation` (`langId`, `themeId`, `themeName`) VALUES ('en', 'cosmo','Cosmo');
INSERT INTO `themeTranslation` (`langId`, `themeId`, `themeName`) VALUES ('ar', 'cyborg','سايبورغ');
INSERT INTO `themeTranslation` (`langId`, `themeId`, `themeName`) VALUES ('en', 'cyborg','Cyborg');
INSERT INTO `themeTranslation` (`langId`, `themeId`, `themeName`) VALUES ('ar', 'darkly','ظلامي');
INSERT INTO `themeTranslation` (`langId`, `themeId`, `themeName`) VALUES ('en', 'darkly','Darkly');
INSERT INTO `themeTranslation` (`langId`, `themeId`, `themeName`) VALUES ('ar', 'flatly','مسطح');
INSERT INTO `themeTranslation` (`langId`, `themeId`, `themeName`) VALUES ('en', 'flatly','Flatly');
INSERT INTO `themeTranslation` (`langId`, `themeId`, `themeName`) VALUES ('ar', 'journal','مفعم');
INSERT INTO `themeTranslation` (`langId`, `themeId`, `themeName`) VALUES ('en', 'journal','Journal');
INSERT INTO `themeTranslation` (`langId`, `themeId`, `themeName`) VALUES ('ar', 'litera','يتيرا');
INSERT INTO `themeTranslation` (`langId`, `themeId`, `themeName`) VALUES ('en', 'litera','Litera');
INSERT INTO `themeTranslation` (`langId`, `themeId`, `themeName`) VALUES ('ar', 'lumen','مجوف');
INSERT INTO `themeTranslation` (`langId`, `themeId`, `themeName`) VALUES ('en', 'lumen','Lumen');
INSERT INTO `themeTranslation` (`langId`, `themeId`, `themeName`) VALUES ('ar', 'lux','لوكس');
INSERT INTO `themeTranslation` (`langId`, `themeId`, `themeName`) VALUES ('en', 'lux','Lux');
INSERT INTO `themeTranslation` (`langId`, `themeId`, `themeName`) VALUES ('ar', 'materia','مادي');
INSERT INTO `themeTranslation` (`langId`, `themeId`, `themeName`) VALUES ('en', 'materia','Materia');
INSERT INTO `themeTranslation` (`langId`, `themeId`, `themeName`) VALUES ('ar', 'minty','نعنعي');
INSERT INTO `themeTranslation` (`langId`, `themeId`, `themeName`) VALUES ('en', 'minty','Minty');
INSERT INTO `themeTranslation` (`langId`, `themeId`, `themeName`) VALUES ('ar', 'pulse','نبضي');
INSERT INTO `themeTranslation` (`langId`, `themeId`, `themeName`) VALUES ('en', 'pulse','Pulse');
INSERT INTO `themeTranslation` (`langId`, `themeId`, `themeName`) VALUES ('ar', 'sandstone','حجر رملي');
INSERT INTO `themeTranslation` (`langId`, `themeId`, `themeName`) VALUES ('en', 'sandstone','Sandstone');
INSERT INTO `themeTranslation` (`langId`, `themeId`, `themeName`) VALUES ('ar', 'simplex','بسيطي');
INSERT INTO `themeTranslation` (`langId`, `themeId`, `themeName`) VALUES ('en', 'simplex','Simplex');
INSERT INTO `themeTranslation` (`langId`, `themeId`, `themeName`) VALUES ('ar', 'sketchy','رسمي');
INSERT INTO `themeTranslation` (`langId`, `themeId`, `themeName`) VALUES ('en', 'sketchy','Sketchy');
INSERT INTO `themeTranslation` (`langId`, `themeId`, `themeName`) VALUES ('ar', 'slate','سليت');
INSERT INTO `themeTranslation` (`langId`, `themeId`, `themeName`) VALUES ('en', 'slate','Slate');
INSERT INTO `themeTranslation` (`langId`, `themeId`, `themeName`) VALUES ('ar', 'solar','شمسي');
INSERT INTO `themeTranslation` (`langId`, `themeId`, `themeName`) VALUES ('en', 'solar','Solar');
INSERT INTO `themeTranslation` (`langId`, `themeId`, `themeName`) VALUES ('ar', 'spacelab','فضائي');
INSERT INTO `themeTranslation` (`langId`, `themeId`, `themeName`) VALUES ('en', 'spacelab','Spacelab');
INSERT INTO `themeTranslation` (`langId`, `themeId`, `themeName`) VALUES ('ar', 'superhero','خارق');
INSERT INTO `themeTranslation` (`langId`, `themeId`, `themeName`) VALUES ('en', 'superhero','Superhero');
INSERT INTO `themeTranslation` (`langId`, `themeId`, `themeName`) VALUES ('ar', 'united','متحد');
INSERT INTO `themeTranslation` (`langId`, `themeId`, `themeName`) VALUES ('en', 'united','United');
INSERT INTO `themeTranslation` (`langId`, `themeId`, `themeName`) VALUES ('ar', 'yeti','اليتي');
INSERT INTO `themeTranslation` (`langId`, `themeId`, `themeName`) VALUES ('en', 'yeti','Yeti');
INSERT INTO `themeTranslation` (`langId`, `themeId`, `themeName`) VALUES ('ar', 'office-white','المكتب البياضي');
INSERT INTO `themeTranslation` (`langId`, `themeId`, `themeName`) VALUES ('en', 'office-white','Office White');
INSERT INTO `themeTranslation` (`langId`, `themeId`, `themeName`) VALUES ('ar', 'purple','أرجواني');
INSERT INTO `themeTranslation` (`langId`, `themeId`, `themeName`) VALUES ('en', 'purple','Purple');

-- Insert Countries:
INSERT INTO `country` (`countryId`) VALUES ('AD');
INSERT INTO `country` (`countryId`) VALUES ('AE');
INSERT INTO `country` (`countryId`) VALUES ('AF');
INSERT INTO `country` (`countryId`) VALUES ('AI');
INSERT INTO `country` (`countryId`) VALUES ('AL');
INSERT INTO `country` (`countryId`) VALUES ('AM');
INSERT INTO `country` (`countryId`) VALUES ('AN');
INSERT INTO `country` (`countryId`) VALUES ('AO');
INSERT INTO `country` (`countryId`) VALUES ('AQ');
INSERT INTO `country` (`countryId`) VALUES ('AR');
INSERT INTO `country` (`countryId`) VALUES ('AS');
INSERT INTO `country` (`countryId`) VALUES ('AT');
INSERT INTO `country` (`countryId`) VALUES ('AU');
INSERT INTO `country` (`countryId`) VALUES ('AW');
INSERT INTO `country` (`countryId`) VALUES ('AZ');
INSERT INTO `country` (`countryId`) VALUES ('BA');
INSERT INTO `country` (`countryId`) VALUES ('BB');
INSERT INTO `country` (`countryId`) VALUES ('BD');
INSERT INTO `country` (`countryId`) VALUES ('BE');
INSERT INTO `country` (`countryId`) VALUES ('BF');
INSERT INTO `country` (`countryId`) VALUES ('BG');
INSERT INTO `country` (`countryId`) VALUES ('BH');
INSERT INTO `country` (`countryId`) VALUES ('BI');
INSERT INTO `country` (`countryId`) VALUES ('BJ');
INSERT INTO `country` (`countryId`) VALUES ('BL');
INSERT INTO `country` (`countryId`) VALUES ('BM');
INSERT INTO `country` (`countryId`) VALUES ('BN');
INSERT INTO `country` (`countryId`) VALUES ('BO');
INSERT INTO `country` (`countryId`) VALUES ('BQ');
INSERT INTO `country` (`countryId`) VALUES ('BR');
INSERT INTO `country` (`countryId`) VALUES ('BS');
INSERT INTO `country` (`countryId`) VALUES ('BT');
INSERT INTO `country` (`countryId`) VALUES ('BV');
INSERT INTO `country` (`countryId`) VALUES ('BW');
INSERT INTO `country` (`countryId`) VALUES ('BY');
INSERT INTO `country` (`countryId`) VALUES ('BZ');
INSERT INTO `country` (`countryId`) VALUES ('CA');
INSERT INTO `country` (`countryId`) VALUES ('CC');
INSERT INTO `country` (`countryId`) VALUES ('CD');
INSERT INTO `country` (`countryId`) VALUES ('CF');
INSERT INTO `country` (`countryId`) VALUES ('CG');
INSERT INTO `country` (`countryId`) VALUES ('CH');
INSERT INTO `country` (`countryId`) VALUES ('CI');
INSERT INTO `country` (`countryId`) VALUES ('CK');
INSERT INTO `country` (`countryId`) VALUES ('CL');
INSERT INTO `country` (`countryId`) VALUES ('CM');
INSERT INTO `country` (`countryId`) VALUES ('CN');
INSERT INTO `country` (`countryId`) VALUES ('CO');
INSERT INTO `country` (`countryId`) VALUES ('CR');
INSERT INTO `country` (`countryId`) VALUES ('CU');
INSERT INTO `country` (`countryId`) VALUES ('CV');
INSERT INTO `country` (`countryId`) VALUES ('CX');
INSERT INTO `country` (`countryId`) VALUES ('CY');
INSERT INTO `country` (`countryId`) VALUES ('CZ');
INSERT INTO `country` (`countryId`) VALUES ('DE');
INSERT INTO `country` (`countryId`) VALUES ('DJ');
INSERT INTO `country` (`countryId`) VALUES ('DK');
INSERT INTO `country` (`countryId`) VALUES ('DM');
INSERT INTO `country` (`countryId`) VALUES ('DO');
INSERT INTO `country` (`countryId`) VALUES ('DZ');
INSERT INTO `country` (`countryId`) VALUES ('EC');
INSERT INTO `country` (`countryId`) VALUES ('EE');
INSERT INTO `country` (`countryId`) VALUES ('EG');
INSERT INTO `country` (`countryId`) VALUES ('EH');
INSERT INTO `country` (`countryId`) VALUES ('ER');
INSERT INTO `country` (`countryId`) VALUES ('ES');
INSERT INTO `country` (`countryId`) VALUES ('ET');
INSERT INTO `country` (`countryId`) VALUES ('FI');
INSERT INTO `country` (`countryId`) VALUES ('FJ');
INSERT INTO `country` (`countryId`) VALUES ('FK');
INSERT INTO `country` (`countryId`) VALUES ('FM');
INSERT INTO `country` (`countryId`) VALUES ('FO');
INSERT INTO `country` (`countryId`) VALUES ('FR');
INSERT INTO `country` (`countryId`) VALUES ('GA');
INSERT INTO `country` (`countryId`) VALUES ('GB');
INSERT INTO `country` (`countryId`) VALUES ('GD');
INSERT INTO `country` (`countryId`) VALUES ('GE');
INSERT INTO `country` (`countryId`) VALUES ('GF');
INSERT INTO `country` (`countryId`) VALUES ('GH');
INSERT INTO `country` (`countryId`) VALUES ('GI');
INSERT INTO `country` (`countryId`) VALUES ('GL');
INSERT INTO `country` (`countryId`) VALUES ('GM');
INSERT INTO `country` (`countryId`) VALUES ('GN');
INSERT INTO `country` (`countryId`) VALUES ('GP');
INSERT INTO `country` (`countryId`) VALUES ('GQ');
INSERT INTO `country` (`countryId`) VALUES ('GR');
INSERT INTO `country` (`countryId`) VALUES ('GS');
INSERT INTO `country` (`countryId`) VALUES ('GT');
INSERT INTO `country` (`countryId`) VALUES ('GU');
INSERT INTO `country` (`countryId`) VALUES ('GW');
INSERT INTO `country` (`countryId`) VALUES ('GY');
INSERT INTO `country` (`countryId`) VALUES ('HK');
INSERT INTO `country` (`countryId`) VALUES ('HM');
INSERT INTO `country` (`countryId`) VALUES ('HN');
INSERT INTO `country` (`countryId`) VALUES ('HR');
INSERT INTO `country` (`countryId`) VALUES ('HT');
INSERT INTO `country` (`countryId`) VALUES ('HU');
INSERT INTO `country` (`countryId`) VALUES ('ID');
INSERT INTO `country` (`countryId`) VALUES ('IE');
INSERT INTO `country` (`countryId`) VALUES ('IL');
INSERT INTO `country` (`countryId`) VALUES ('IN');
INSERT INTO `country` (`countryId`) VALUES ('IO');
INSERT INTO `country` (`countryId`) VALUES ('IQ');
INSERT INTO `country` (`countryId`) VALUES ('IR');
INSERT INTO `country` (`countryId`) VALUES ('IS');
INSERT INTO `country` (`countryId`) VALUES ('IT');
INSERT INTO `country` (`countryId`) VALUES ('JE');
INSERT INTO `country` (`countryId`) VALUES ('JM');
INSERT INTO `country` (`countryId`) VALUES ('JO');
INSERT INTO `country` (`countryId`) VALUES ('JP');
INSERT INTO `country` (`countryId`) VALUES ('KE');
INSERT INTO `country` (`countryId`) VALUES ('KG');
INSERT INTO `country` (`countryId`) VALUES ('KH');
INSERT INTO `country` (`countryId`) VALUES ('KI');
INSERT INTO `country` (`countryId`) VALUES ('KM');
INSERT INTO `country` (`countryId`) VALUES ('KN');
INSERT INTO `country` (`countryId`) VALUES ('KP');
INSERT INTO `country` (`countryId`) VALUES ('KR');
INSERT INTO `country` (`countryId`) VALUES ('KW');
INSERT INTO `country` (`countryId`) VALUES ('KY');
INSERT INTO `country` (`countryId`) VALUES ('KZ');
INSERT INTO `country` (`countryId`) VALUES ('LA');
INSERT INTO `country` (`countryId`) VALUES ('LB');
INSERT INTO `country` (`countryId`) VALUES ('LC');
INSERT INTO `country` (`countryId`) VALUES ('LI');
INSERT INTO `country` (`countryId`) VALUES ('LK');
INSERT INTO `country` (`countryId`) VALUES ('LR');
INSERT INTO `country` (`countryId`) VALUES ('LS');
INSERT INTO `country` (`countryId`) VALUES ('LT');
INSERT INTO `country` (`countryId`) VALUES ('LU');
INSERT INTO `country` (`countryId`) VALUES ('LV');
INSERT INTO `country` (`countryId`) VALUES ('LY');
INSERT INTO `country` (`countryId`) VALUES ('MA');
INSERT INTO `country` (`countryId`) VALUES ('MC');
INSERT INTO `country` (`countryId`) VALUES ('MD');
INSERT INTO `country` (`countryId`) VALUES ('MF');
INSERT INTO `country` (`countryId`) VALUES ('MG');
INSERT INTO `country` (`countryId`) VALUES ('MH');
INSERT INTO `country` (`countryId`) VALUES ('MK');
INSERT INTO `country` (`countryId`) VALUES ('ML');
INSERT INTO `country` (`countryId`) VALUES ('MM');
INSERT INTO `country` (`countryId`) VALUES ('MN');
INSERT INTO `country` (`countryId`) VALUES ('MO');
INSERT INTO `country` (`countryId`) VALUES ('MP');
INSERT INTO `country` (`countryId`) VALUES ('MQ');
INSERT INTO `country` (`countryId`) VALUES ('MR');
INSERT INTO `country` (`countryId`) VALUES ('MS');
INSERT INTO `country` (`countryId`) VALUES ('MT');
INSERT INTO `country` (`countryId`) VALUES ('MU');
INSERT INTO `country` (`countryId`) VALUES ('MV');
INSERT INTO `country` (`countryId`) VALUES ('MW');
INSERT INTO `country` (`countryId`) VALUES ('MX');
INSERT INTO `country` (`countryId`) VALUES ('MY');
INSERT INTO `country` (`countryId`) VALUES ('MZ');
INSERT INTO `country` (`countryId`) VALUES ('NA');
INSERT INTO `country` (`countryId`) VALUES ('NC');
INSERT INTO `country` (`countryId`) VALUES ('NE');
INSERT INTO `country` (`countryId`) VALUES ('NF');
INSERT INTO `country` (`countryId`) VALUES ('NG');
INSERT INTO `country` (`countryId`) VALUES ('NI');
INSERT INTO `country` (`countryId`) VALUES ('NL');
INSERT INTO `country` (`countryId`) VALUES ('NO');
INSERT INTO `country` (`countryId`) VALUES ('NP');
INSERT INTO `country` (`countryId`) VALUES ('NR');
INSERT INTO `country` (`countryId`) VALUES ('NU');
INSERT INTO `country` (`countryId`) VALUES ('NZ');
INSERT INTO `country` (`countryId`) VALUES ('OM');
INSERT INTO `country` (`countryId`) VALUES ('PA');
INSERT INTO `country` (`countryId`) VALUES ('PE');
INSERT INTO `country` (`countryId`) VALUES ('PF');
INSERT INTO `country` (`countryId`) VALUES ('PG');
INSERT INTO `country` (`countryId`) VALUES ('PH');
INSERT INTO `country` (`countryId`) VALUES ('PK');
INSERT INTO `country` (`countryId`) VALUES ('PL');
INSERT INTO `country` (`countryId`) VALUES ('PM');
INSERT INTO `country` (`countryId`) VALUES ('PN');
INSERT INTO `country` (`countryId`) VALUES ('PR');
INSERT INTO `country` (`countryId`) VALUES ('PT');
INSERT INTO `country` (`countryId`) VALUES ('PW');
INSERT INTO `country` (`countryId`) VALUES ('PY');
INSERT INTO `country` (`countryId`) VALUES ('QA');
INSERT INTO `country` (`countryId`) VALUES ('RE');
INSERT INTO `country` (`countryId`) VALUES ('RO');
INSERT INTO `country` (`countryId`) VALUES ('RU');
INSERT INTO `country` (`countryId`) VALUES ('RW');
INSERT INTO `country` (`countryId`) VALUES ('SA');
INSERT INTO `country` (`countryId`) VALUES ('SB');
INSERT INTO `country` (`countryId`) VALUES ('SC');
INSERT INTO `country` (`countryId`) VALUES ('SD');
INSERT INTO `country` (`countryId`) VALUES ('SE');
INSERT INTO `country` (`countryId`) VALUES ('SG');
INSERT INTO `country` (`countryId`) VALUES ('SH');
INSERT INTO `country` (`countryId`) VALUES ('SI');
INSERT INTO `country` (`countryId`) VALUES ('SJ');
INSERT INTO `country` (`countryId`) VALUES ('SK');
INSERT INTO `country` (`countryId`) VALUES ('SL');
INSERT INTO `country` (`countryId`) VALUES ('SM');
INSERT INTO `country` (`countryId`) VALUES ('SN');
INSERT INTO `country` (`countryId`) VALUES ('SO');
INSERT INTO `country` (`countryId`) VALUES ('SR');
INSERT INTO `country` (`countryId`) VALUES ('ST');
INSERT INTO `country` (`countryId`) VALUES ('SV');
INSERT INTO `country` (`countryId`) VALUES ('SX');
INSERT INTO `country` (`countryId`) VALUES ('SY');
INSERT INTO `country` (`countryId`) VALUES ('SZ');
INSERT INTO `country` (`countryId`) VALUES ('TC');
INSERT INTO `country` (`countryId`) VALUES ('TD');
INSERT INTO `country` (`countryId`) VALUES ('TF');
INSERT INTO `country` (`countryId`) VALUES ('TG');
INSERT INTO `country` (`countryId`) VALUES ('TH');
INSERT INTO `country` (`countryId`) VALUES ('TJ');
INSERT INTO `country` (`countryId`) VALUES ('TK');
INSERT INTO `country` (`countryId`) VALUES ('TM');
INSERT INTO `country` (`countryId`) VALUES ('TN');
INSERT INTO `country` (`countryId`) VALUES ('TO');
INSERT INTO `country` (`countryId`) VALUES ('TR');
INSERT INTO `country` (`countryId`) VALUES ('TT');
INSERT INTO `country` (`countryId`) VALUES ('TV');
INSERT INTO `country` (`countryId`) VALUES ('TW');
INSERT INTO `country` (`countryId`) VALUES ('TZ');
INSERT INTO `country` (`countryId`) VALUES ('UA');
INSERT INTO `country` (`countryId`) VALUES ('UG');
INSERT INTO `country` (`countryId`) VALUES ('UM');
INSERT INTO `country` (`countryId`) VALUES ('US');
INSERT INTO `country` (`countryId`) VALUES ('UY');
INSERT INTO `country` (`countryId`) VALUES ('UZ');
INSERT INTO `country` (`countryId`) VALUES ('VA');
INSERT INTO `country` (`countryId`) VALUES ('VC');
INSERT INTO `country` (`countryId`) VALUES ('VE');
INSERT INTO `country` (`countryId`) VALUES ('VG');
INSERT INTO `country` (`countryId`) VALUES ('VI');
INSERT INTO `country` (`countryId`) VALUES ('VN');
INSERT INTO `country` (`countryId`) VALUES ('VU');
INSERT INTO `country` (`countryId`) VALUES ('WF');
INSERT INTO `country` (`countryId`) VALUES ('WS');
INSERT INTO `country` (`countryId`) VALUES ('YE');
INSERT INTO `country` (`countryId`) VALUES ('YT');
INSERT INTO `country` (`countryId`) VALUES ('ZA');
INSERT INTO `country` (`countryId`) VALUES ('ZM');
INSERT INTO `country` (`countryId`) VALUES ('ZW');

INSERT INTO `country` (`countryId`) VALUES ('AX');
INSERT INTO `country` (`countryId`) VALUES ('PS');
INSERT INTO `country` (`countryId`) VALUES ('AG');
INSERT INTO `country` (`countryId`) VALUES ('RS');
INSERT INTO `country` (`countryId`) VALUES ('SS');
INSERT INTO `country` (`countryId`) VALUES ('GG');
INSERT INTO `country` (`countryId`) VALUES ('CW');
INSERT INTO `country` (`countryId`) VALUES ('TL');
INSERT INTO `country` (`countryId`) VALUES ('IM');
INSERT INTO `country` (`countryId`) VALUES ('ME');

INSERT INTO `countryTranslation` (`countryId`, `langId`, `countryName`) VALUES ('AX','ar','جزر أولاند');
INSERT INTO `countryTranslation` (`countryId`, `langId`, `countryName`) VALUES ('AX','en','Åland Islands');
INSERT INTO `countryTranslation` (`countryId`, `langId`, `countryName`) VALUES ('PS','ar','دولة فلسطين');
INSERT INTO `countryTranslation` (`countryId`, `langId`, `countryName`) VALUES ('PS','en','State of Palestine');
INSERT INTO `countryTranslation` (`countryId`, `langId`, `countryName`) VALUES ('AG','ar','أنتيغوا وباربودا');
INSERT INTO `countryTranslation` (`countryId`, `langId`, `countryName`) VALUES ('AG','en','Antigua and Barbuda');
INSERT INTO `countryTranslation` (`countryId`, `langId`, `countryName`) VALUES ('RS','ar','جمهورية صربيا');
INSERT INTO `countryTranslation` (`countryId`, `langId`, `countryName`) VALUES ('RS','en','The Republic of Serbia');
INSERT INTO `countryTranslation` (`countryId`, `langId`, `countryName`) VALUES ('SS','ar','جمهورية جنوب السودان');
INSERT INTO `countryTranslation` (`countryId`, `langId`, `countryName`) VALUES ('SS','en','the Republic of South Sudan');
INSERT INTO `countryTranslation` (`countryId`, `langId`, `countryName`) VALUES ('GG','ar','جزيرة غيرنزي');
INSERT INTO `countryTranslation` (`countryId`, `langId`, `countryName`) VALUES ('GG','en','Bailiwick of Guernsey');
INSERT INTO `countryTranslation` (`countryId`, `langId`, `countryName`) VALUES ('CW','ar','جزيرة كوراساو');
INSERT INTO `countryTranslation` (`countryId`, `langId`, `countryName`) VALUES ('CW','en','Country of Curaçao');
INSERT INTO `countryTranslation` (`countryId`, `langId`, `countryName`) VALUES ('TL','ar','جمهورية تيمور الشرقية الديمقراطية');
INSERT INTO `countryTranslation` (`countryId`, `langId`, `countryName`) VALUES ('TL','en','the Democratic Republic of Timor-Leste');
INSERT INTO `countryTranslation` (`countryId`, `langId`, `countryName`) VALUES ('IM','ar','جزيرة مان');
INSERT INTO `countryTranslation` (`countryId`, `langId`, `countryName`) VALUES ('IM','en','Isle of Man');
INSERT INTO `countryTranslation` (`countryId`, `langId`, `countryName`) VALUES ('ME','ar','الجبل الأسود أو مونتينيغرو');
INSERT INTO `countryTranslation` (`countryId`, `langId`, `countryName`) VALUES ('ME','en','Montenegro');


INSERT INTO `countryTranslation` (`countryId`, `langId`, `countryName`) VALUES ('AD','ar','أندورا');
INSERT INTO `countryTranslation` (`countryId`, `langId`, `countryName`) VALUES ('AD','en','Andorra');
INSERT INTO `countryTranslation` (`countryId`, `langId`, `countryName`) VALUES ('AE','ar','الإمارات العربية المتحدة');
INSERT INTO `countryTranslation` (`countryId`, `langId`, `countryName`) VALUES ('AE','en','United Arab Emirates');
INSERT INTO `countryTranslation` (`countryId`, `langId`, `countryName`) VALUES ('AF','ar','أفغانستان');
INSERT INTO `countryTranslation` (`countryId`, `langId`, `countryName`) VALUES ('AF','en','Afghanistan');
INSERT INTO `countryTranslation` (`countryId`, `langId`, `countryName`) VALUES ('AI','ar','أنغيلا');
INSERT INTO `countryTranslation` (`countryId`, `langId`, `countryName`) VALUES ('AI','en','Anguilla');
INSERT INTO `countryTranslation` (`countryId`, `langId`, `countryName`) VALUES ('AL','ar','ألبانيا');
INSERT INTO `countryTranslation` (`countryId`, `langId`, `countryName`) VALUES ('AL','en','Albania');
INSERT INTO `countryTranslation` (`countryId`, `langId`, `countryName`) VALUES ('AM','ar','أرمينيا');
INSERT INTO `countryTranslation` (`countryId`, `langId`, `countryName`) VALUES ('AM','en','Armenia');
INSERT INTO `countryTranslation` (`countryId`, `langId`, `countryName`) VALUES ('AN','ar','جزر الأنتيل الهولندية');
INSERT INTO `countryTranslation` (`countryId`, `langId`, `countryName`) VALUES ('AN','en','Netherlands Antilles');
INSERT INTO `countryTranslation` (`countryId`, `langId`, `countryName`) VALUES ('AO','ar','أنغولا');
INSERT INTO `countryTranslation` (`countryId`, `langId`, `countryName`) VALUES ('AO','en','Angola');
INSERT INTO `countryTranslation` (`countryId`, `langId`, `countryName`) VALUES ('AQ','ar','القارة القطبية الجنوبية');
INSERT INTO `countryTranslation` (`countryId`, `langId`, `countryName`) VALUES ('AQ','en','Antarctica');
INSERT INTO `countryTranslation` (`countryId`, `langId`, `countryName`) VALUES ('AR','ar','الأرجنتين');
INSERT INTO `countryTranslation` (`countryId`, `langId`, `countryName`) VALUES ('AR','en','Argentina');
INSERT INTO `countryTranslation` (`countryId`, `langId`, `countryName`) VALUES ('AS','ar','ساموا الأمريكية');
INSERT INTO `countryTranslation` (`countryId`, `langId`, `countryName`) VALUES ('AS','en','American Samoa');
INSERT INTO `countryTranslation` (`countryId`, `langId`, `countryName`) VALUES ('AT','ar','النمسا');
INSERT INTO `countryTranslation` (`countryId`, `langId`, `countryName`) VALUES ('AT','en','Austria');
INSERT INTO `countryTranslation` (`countryId`, `langId`, `countryName`) VALUES ('AU','ar','أستراليا');
INSERT INTO `countryTranslation` (`countryId`, `langId`, `countryName`) VALUES ('AU','en','Australia');
INSERT INTO `countryTranslation` (`countryId`, `langId`, `countryName`) VALUES ('AW','ar','أروبا');
INSERT INTO `countryTranslation` (`countryId`, `langId`, `countryName`) VALUES ('AW','en','Aruba');
INSERT INTO `countryTranslation` (`countryId`, `langId`, `countryName`) VALUES ('AZ','ar','أذربيجان');
INSERT INTO `countryTranslation` (`countryId`, `langId`, `countryName`) VALUES ('AZ','en','Azerbaijan');
INSERT INTO `countryTranslation` (`countryId`, `langId`, `countryName`) VALUES ('BA','ar','البوسنة والهرسك');
INSERT INTO `countryTranslation` (`countryId`, `langId`, `countryName`) VALUES ('BA','en','Bosnia and Herzegovina');
INSERT INTO `countryTranslation` (`countryId`, `langId`, `countryName`) VALUES ('BB','ar','بربادوس');
INSERT INTO `countryTranslation` (`countryId`, `langId`, `countryName`) VALUES ('BB','en','Barbados');
INSERT INTO `countryTranslation` (`countryId`, `langId`, `countryName`) VALUES ('BD','ar','بنغلاديش');
INSERT INTO `countryTranslation` (`countryId`, `langId`, `countryName`) VALUES ('BD','en','Bangladesh');
INSERT INTO `countryTranslation` (`countryId`, `langId`, `countryName`) VALUES ('BE','ar','بلجيكا');
INSERT INTO `countryTranslation` (`countryId`, `langId`, `countryName`) VALUES ('BE','en','Belgium');
INSERT INTO `countryTranslation` (`countryId`, `langId`, `countryName`) VALUES ('BF','ar','بوركينا فاسو');
INSERT INTO `countryTranslation` (`countryId`, `langId`, `countryName`) VALUES ('BF','en','Burkina Faso');
INSERT INTO `countryTranslation` (`countryId`, `langId`, `countryName`) VALUES ('BG','ar','بلغاريا');
INSERT INTO `countryTranslation` (`countryId`, `langId`, `countryName`) VALUES ('BG','en','Bulgaria');
INSERT INTO `countryTranslation` (`countryId`, `langId`, `countryName`) VALUES ('BH','ar','البحرين');
INSERT INTO `countryTranslation` (`countryId`, `langId`, `countryName`) VALUES ('BH','en','Bahrain');
INSERT INTO `countryTranslation` (`countryId`, `langId`, `countryName`) VALUES ('BI','ar','بوروندي');
INSERT INTO `countryTranslation` (`countryId`, `langId`, `countryName`) VALUES ('BI','en','Burundi');
INSERT INTO `countryTranslation` (`countryId`, `langId`, `countryName`) VALUES ('BJ','ar','بنين');
INSERT INTO `countryTranslation` (`countryId`, `langId`, `countryName`) VALUES ('BJ','en','Benin');
INSERT INTO `countryTranslation` (`countryId`, `langId`, `countryName`) VALUES ('BL','ar','سانت بارتيليمي');
INSERT INTO `countryTranslation` (`countryId`, `langId`, `countryName`) VALUES ('BL','en','Saint Barthelemy');
INSERT INTO `countryTranslation` (`countryId`, `langId`, `countryName`) VALUES ('BM','ar','برمودا');
INSERT INTO `countryTranslation` (`countryId`, `langId`, `countryName`) VALUES ('BM','en','Bermuda');
INSERT INTO `countryTranslation` (`countryId`, `langId`, `countryName`) VALUES ('BN','ar','بروناي دار السلام');
INSERT INTO `countryTranslation` (`countryId`, `langId`, `countryName`) VALUES ('BN','en','Brunei Darussalam');
INSERT INTO `countryTranslation` (`countryId`, `langId`, `countryName`) VALUES ('BO','ar','بوليفيا');
INSERT INTO `countryTranslation` (`countryId`, `langId`, `countryName`) VALUES ('BO','en','Bolivia');
INSERT INTO `countryTranslation` (`countryId`, `langId`, `countryName`) VALUES ('BQ','ar','الجزر الكاريبية الهولندية');
INSERT INTO `countryTranslation` (`countryId`, `langId`, `countryName`) VALUES ('BQ','en','Caribbean Netherlands');
INSERT INTO `countryTranslation` (`countryId`, `langId`, `countryName`) VALUES ('BR','ar','البرازيل');
INSERT INTO `countryTranslation` (`countryId`, `langId`, `countryName`) VALUES ('BR','en','Brazil');
INSERT INTO `countryTranslation` (`countryId`, `langId`, `countryName`) VALUES ('BS','ar','الباهاما');
INSERT INTO `countryTranslation` (`countryId`, `langId`, `countryName`) VALUES ('BS','en','Bahamas');
INSERT INTO `countryTranslation` (`countryId`, `langId`, `countryName`) VALUES ('BT','ar','بوتان');
INSERT INTO `countryTranslation` (`countryId`, `langId`, `countryName`) VALUES ('BT','en','Bhutan');
INSERT INTO `countryTranslation` (`countryId`, `langId`, `countryName`) VALUES ('BV','ar','جزيرة بوفيت');
INSERT INTO `countryTranslation` (`countryId`, `langId`, `countryName`) VALUES ('BV','en','Bouvet Island');
INSERT INTO `countryTranslation` (`countryId`, `langId`, `countryName`) VALUES ('BW','ar','بوتسوانا');
INSERT INTO `countryTranslation` (`countryId`, `langId`, `countryName`) VALUES ('BW','en','Botswana');
INSERT INTO `countryTranslation` (`countryId`, `langId`, `countryName`) VALUES ('BY','ar','روسيا البيضاء');
INSERT INTO `countryTranslation` (`countryId`, `langId`, `countryName`) VALUES ('BY','en','Belarus');
INSERT INTO `countryTranslation` (`countryId`, `langId`, `countryName`) VALUES ('BZ','ar','بليز');
INSERT INTO `countryTranslation` (`countryId`, `langId`, `countryName`) VALUES ('BZ','en','Belize');
INSERT INTO `countryTranslation` (`countryId`, `langId`, `countryName`) VALUES ('CA','ar','كندا');
INSERT INTO `countryTranslation` (`countryId`, `langId`, `countryName`) VALUES ('CA','en','Canada');
INSERT INTO `countryTranslation` (`countryId`, `langId`, `countryName`) VALUES ('CC','ar','جزر كوكوس (كيلينغ)');
INSERT INTO `countryTranslation` (`countryId`, `langId`, `countryName`) VALUES ('CC','en','Cocos (Keeling) Islands');
INSERT INTO `countryTranslation` (`countryId`, `langId`, `countryName`) VALUES ('CD','ar','الكونغو ، جمهورية الكونغو الديمقراطية');
INSERT INTO `countryTranslation` (`countryId`, `langId`, `countryName`) VALUES ('CD','en','Congo, the Democratic Republic of the');
INSERT INTO `countryTranslation` (`countryId`, `langId`, `countryName`) VALUES ('CF','ar','جمهورية افريقيا الوسطى');
INSERT INTO `countryTranslation` (`countryId`, `langId`, `countryName`) VALUES ('CF','en','Central African Republic');
INSERT INTO `countryTranslation` (`countryId`, `langId`, `countryName`) VALUES ('CG','ar','الكونغو');
INSERT INTO `countryTranslation` (`countryId`, `langId`, `countryName`) VALUES ('CG','en','Congo');
INSERT INTO `countryTranslation` (`countryId`, `langId`, `countryName`) VALUES ('CH','ar','سويسرا');
INSERT INTO `countryTranslation` (`countryId`, `langId`, `countryName`) VALUES ('CH','en','Switzerland');
INSERT INTO `countryTranslation` (`countryId`, `langId`, `countryName`) VALUES ('CI','ar','كوت ديفوار');
INSERT INTO `countryTranslation` (`countryId`, `langId`, `countryName`) VALUES ('CI','en','Cote d''Ivoire');
INSERT INTO `countryTranslation` (`countryId`, `langId`, `countryName`) VALUES ('CK','ar','جزر كوك');
INSERT INTO `countryTranslation` (`countryId`, `langId`, `countryName`) VALUES ('CK','en','Cook Islands');
INSERT INTO `countryTranslation` (`countryId`, `langId`, `countryName`) VALUES ('CL','ar','تشيلي');
INSERT INTO `countryTranslation` (`countryId`, `langId`, `countryName`) VALUES ('CL','en','Chile');
INSERT INTO `countryTranslation` (`countryId`, `langId`, `countryName`) VALUES ('CM','ar','الكاميرون');
INSERT INTO `countryTranslation` (`countryId`, `langId`, `countryName`) VALUES ('CM','en','Cameroon');
INSERT INTO `countryTranslation` (`countryId`, `langId`, `countryName`) VALUES ('CN','ar','الصين');
INSERT INTO `countryTranslation` (`countryId`, `langId`, `countryName`) VALUES ('CN','en','China');
INSERT INTO `countryTranslation` (`countryId`, `langId`, `countryName`) VALUES ('CO','ar','كولومبيا');
INSERT INTO `countryTranslation` (`countryId`, `langId`, `countryName`) VALUES ('CO','en','Colombia');
INSERT INTO `countryTranslation` (`countryId`, `langId`, `countryName`) VALUES ('CR','ar','كوستا ريكا');
INSERT INTO `countryTranslation` (`countryId`, `langId`, `countryName`) VALUES ('CR','en','Costa Rica');
INSERT INTO `countryTranslation` (`countryId`, `langId`, `countryName`) VALUES ('CU','ar','كوبا');
INSERT INTO `countryTranslation` (`countryId`, `langId`, `countryName`) VALUES ('CU','en','Cuba');
INSERT INTO `countryTranslation` (`countryId`, `langId`, `countryName`) VALUES ('CV','ar','الرأس الأخضر');
INSERT INTO `countryTranslation` (`countryId`, `langId`, `countryName`) VALUES ('CV','en','Cape Verde');
INSERT INTO `countryTranslation` (`countryId`, `langId`, `countryName`) VALUES ('CX','ar','جزيرة الكريسماس');
INSERT INTO `countryTranslation` (`countryId`, `langId`, `countryName`) VALUES ('CX','en','Christmas Island');
INSERT INTO `countryTranslation` (`countryId`, `langId`, `countryName`) VALUES ('CY','ar','قبرص');
INSERT INTO `countryTranslation` (`countryId`, `langId`, `countryName`) VALUES ('CY','en','Cyprus');
INSERT INTO `countryTranslation` (`countryId`, `langId`, `countryName`) VALUES ('CZ','ar','جمهورية التشيك');
INSERT INTO `countryTranslation` (`countryId`, `langId`, `countryName`) VALUES ('CZ','en','Czech Republic');
INSERT INTO `countryTranslation` (`countryId`, `langId`, `countryName`) VALUES ('DE','ar','ألمانيا');
INSERT INTO `countryTranslation` (`countryId`, `langId`, `countryName`) VALUES ('DE','en','Germany');
INSERT INTO `countryTranslation` (`countryId`, `langId`, `countryName`) VALUES ('DJ','ar','جيبوتي');
INSERT INTO `countryTranslation` (`countryId`, `langId`, `countryName`) VALUES ('DJ','en','Djibouti');
INSERT INTO `countryTranslation` (`countryId`, `langId`, `countryName`) VALUES ('DK','ar','الدنمارك');
INSERT INTO `countryTranslation` (`countryId`, `langId`, `countryName`) VALUES ('DK','en','Denmark');
INSERT INTO `countryTranslation` (`countryId`, `langId`, `countryName`) VALUES ('DM','ar','دومينيكا');
INSERT INTO `countryTranslation` (`countryId`, `langId`, `countryName`) VALUES ('DM','en','Dominica');
INSERT INTO `countryTranslation` (`countryId`, `langId`, `countryName`) VALUES ('DO','ar','جمهورية الدومنيكان');
INSERT INTO `countryTranslation` (`countryId`, `langId`, `countryName`) VALUES ('DO','en','Dominican Republic');
INSERT INTO `countryTranslation` (`countryId`, `langId`, `countryName`) VALUES ('DZ','ar','الجزائر');
INSERT INTO `countryTranslation` (`countryId`, `langId`, `countryName`) VALUES ('DZ','en','Algeria');
INSERT INTO `countryTranslation` (`countryId`, `langId`, `countryName`) VALUES ('EC','ar','الإكوادور');
INSERT INTO `countryTranslation` (`countryId`, `langId`, `countryName`) VALUES ('EC','en','Ecuador');
INSERT INTO `countryTranslation` (`countryId`, `langId`, `countryName`) VALUES ('EE','ar','استونيا');
INSERT INTO `countryTranslation` (`countryId`, `langId`, `countryName`) VALUES ('EE','en','Estonia');
INSERT INTO `countryTranslation` (`countryId`, `langId`, `countryName`) VALUES ('EG','ar','مصر');
INSERT INTO `countryTranslation` (`countryId`, `langId`, `countryName`) VALUES ('EG','en','Egypt');
INSERT INTO `countryTranslation` (`countryId`, `langId`, `countryName`) VALUES ('EH','ar','الصحراء الغربية');
INSERT INTO `countryTranslation` (`countryId`, `langId`, `countryName`) VALUES ('EH','en','Western Sahara');
INSERT INTO `countryTranslation` (`countryId`, `langId`, `countryName`) VALUES ('ER','ar','إريتريا');
INSERT INTO `countryTranslation` (`countryId`, `langId`, `countryName`) VALUES ('ER','en','Eritrea');
INSERT INTO `countryTranslation` (`countryId`, `langId`, `countryName`) VALUES ('ES','ar','إسبانيا');
INSERT INTO `countryTranslation` (`countryId`, `langId`, `countryName`) VALUES ('ES','en','Spain');
INSERT INTO `countryTranslation` (`countryId`, `langId`, `countryName`) VALUES ('ET','ar','أثيوبيا');
INSERT INTO `countryTranslation` (`countryId`, `langId`, `countryName`) VALUES ('ET','en','Ethiopia');
INSERT INTO `countryTranslation` (`countryId`, `langId`, `countryName`) VALUES ('FI','ar','فنلندا');
INSERT INTO `countryTranslation` (`countryId`, `langId`, `countryName`) VALUES ('FI','en','Finland');
INSERT INTO `countryTranslation` (`countryId`, `langId`, `countryName`) VALUES ('FJ','ar','فيجي');
INSERT INTO `countryTranslation` (`countryId`, `langId`, `countryName`) VALUES ('FJ','en','Fiji');
INSERT INTO `countryTranslation` (`countryId`, `langId`, `countryName`) VALUES ('FK','ar','جزر فوكلاند');
INSERT INTO `countryTranslation` (`countryId`, `langId`, `countryName`) VALUES ('FK','en','Falkland Islands');
INSERT INTO `countryTranslation` (`countryId`, `langId`, `countryName`) VALUES ('FM','ar','ولايات ميكرونيزيا الموحدة');
INSERT INTO `countryTranslation` (`countryId`, `langId`, `countryName`) VALUES ('FM','en','Federated States of Micronesia');
INSERT INTO `countryTranslation` (`countryId`, `langId`, `countryName`) VALUES ('FO','ar','جزر صناعية');
INSERT INTO `countryTranslation` (`countryId`, `langId`, `countryName`) VALUES ('FO','en','Faroe Islands');
INSERT INTO `countryTranslation` (`countryId`, `langId`, `countryName`) VALUES ('FR','ar','فرنسا');
INSERT INTO `countryTranslation` (`countryId`, `langId`, `countryName`) VALUES ('FR','en','France');
INSERT INTO `countryTranslation` (`countryId`, `langId`, `countryName`) VALUES ('GA','ar','الغابون');
INSERT INTO `countryTranslation` (`countryId`, `langId`, `countryName`) VALUES ('GA','en','Gabon');
INSERT INTO `countryTranslation` (`countryId`, `langId`, `countryName`) VALUES ('GB','ar','المملكة المتحدة');
INSERT INTO `countryTranslation` (`countryId`, `langId`, `countryName`) VALUES ('GB','en','United Kingdom');
INSERT INTO `countryTranslation` (`countryId`, `langId`, `countryName`) VALUES ('GD','ar','غرينادا');
INSERT INTO `countryTranslation` (`countryId`, `langId`, `countryName`) VALUES ('GD','en','Grenada');
INSERT INTO `countryTranslation` (`countryId`, `langId`, `countryName`) VALUES ('GE','ar','جورجيا');
INSERT INTO `countryTranslation` (`countryId`, `langId`, `countryName`) VALUES ('GE','en','Georgia');
INSERT INTO `countryTranslation` (`countryId`, `langId`, `countryName`) VALUES ('GF','ar','غيانا الفرنسية');
INSERT INTO `countryTranslation` (`countryId`, `langId`, `countryName`) VALUES ('GF','en','French Guiana');
INSERT INTO `countryTranslation` (`countryId`, `langId`, `countryName`) VALUES ('GH','ar','غانا');
INSERT INTO `countryTranslation` (`countryId`, `langId`, `countryName`) VALUES ('GH','en','Ghana');
INSERT INTO `countryTranslation` (`countryId`, `langId`, `countryName`) VALUES ('GI','ar','جبل طارق');
INSERT INTO `countryTranslation` (`countryId`, `langId`, `countryName`) VALUES ('GI','en','Gibraltar');
INSERT INTO `countryTranslation` (`countryId`, `langId`, `countryName`) VALUES ('GL','ar','الأرض الخضراء');
INSERT INTO `countryTranslation` (`countryId`, `langId`, `countryName`) VALUES ('GL','en','Greenland');
INSERT INTO `countryTranslation` (`countryId`, `langId`, `countryName`) VALUES ('GM','ar','غامبيا');
INSERT INTO `countryTranslation` (`countryId`, `langId`, `countryName`) VALUES ('GM','en','Gambia');
INSERT INTO `countryTranslation` (`countryId`, `langId`, `countryName`) VALUES ('GN','ar','غينيا');
INSERT INTO `countryTranslation` (`countryId`, `langId`, `countryName`) VALUES ('GN','en','Guinea');
INSERT INTO `countryTranslation` (`countryId`, `langId`, `countryName`) VALUES ('GP','ar','جوادلوب');
INSERT INTO `countryTranslation` (`countryId`, `langId`, `countryName`) VALUES ('GP','en','Guadeloupe');
INSERT INTO `countryTranslation` (`countryId`, `langId`, `countryName`) VALUES ('GQ','ar','غينيا الإستوائية');
INSERT INTO `countryTranslation` (`countryId`, `langId`, `countryName`) VALUES ('GQ','en','Equatorial Guinea');
INSERT INTO `countryTranslation` (`countryId`, `langId`, `countryName`) VALUES ('GR','ar','اليونان');
INSERT INTO `countryTranslation` (`countryId`, `langId`, `countryName`) VALUES ('GR','en','Greece');
INSERT INTO `countryTranslation` (`countryId`, `langId`, `countryName`) VALUES ('GS','ar','جورجيا الجنوبية وجزر ساندويتش الجنوبية');
INSERT INTO `countryTranslation` (`countryId`, `langId`, `countryName`) VALUES ('GS','en','South Georgia and the South Sandwich Islands');
INSERT INTO `countryTranslation` (`countryId`, `langId`, `countryName`) VALUES ('GT','ar','غواتيمالا');
INSERT INTO `countryTranslation` (`countryId`, `langId`, `countryName`) VALUES ('GT','en','Guatemala');
INSERT INTO `countryTranslation` (`countryId`, `langId`, `countryName`) VALUES ('GU','ar','غوام');
INSERT INTO `countryTranslation` (`countryId`, `langId`, `countryName`) VALUES ('GU','en','Guam');
INSERT INTO `countryTranslation` (`countryId`, `langId`, `countryName`) VALUES ('GW','ar','غينيا بيساو');
INSERT INTO `countryTranslation` (`countryId`, `langId`, `countryName`) VALUES ('GW','en','Guinea-Bissau');
INSERT INTO `countryTranslation` (`countryId`, `langId`, `countryName`) VALUES ('GY','ar','غيانا');
INSERT INTO `countryTranslation` (`countryId`, `langId`, `countryName`) VALUES ('GY','en','Guyana');
INSERT INTO `countryTranslation` (`countryId`, `langId`, `countryName`) VALUES ('HK','ar','هونغ كونغ');
INSERT INTO `countryTranslation` (`countryId`, `langId`, `countryName`) VALUES ('HK','en','Hong Kong');
INSERT INTO `countryTranslation` (`countryId`, `langId`, `countryName`) VALUES ('HM','ar','هيرد وماك دونالد جزر');
INSERT INTO `countryTranslation` (`countryId`, `langId`, `countryName`) VALUES ('HM','en','Heard and Mc Donald Islands');
INSERT INTO `countryTranslation` (`countryId`, `langId`, `countryName`) VALUES ('HN','ar','هندوراس');
INSERT INTO `countryTranslation` (`countryId`, `langId`, `countryName`) VALUES ('HN','en','Honduras');
INSERT INTO `countryTranslation` (`countryId`, `langId`, `countryName`) VALUES ('HR','ar','كرواتيا (هرفاتسكا)');
INSERT INTO `countryTranslation` (`countryId`, `langId`, `countryName`) VALUES ('HR','en','Croatia (Hrvatska)');
INSERT INTO `countryTranslation` (`countryId`, `langId`, `countryName`) VALUES ('HT','ar','هايتي');
INSERT INTO `countryTranslation` (`countryId`, `langId`, `countryName`) VALUES ('HT','en','Haiti');
INSERT INTO `countryTranslation` (`countryId`, `langId`, `countryName`) VALUES ('HU','ar','اليونان');
INSERT INTO `countryTranslation` (`countryId`, `langId`, `countryName`) VALUES ('HU','en','Hungary');
INSERT INTO `countryTranslation` (`countryId`, `langId`, `countryName`) VALUES ('ID','ar','أندونيسيا');
INSERT INTO `countryTranslation` (`countryId`, `langId`, `countryName`) VALUES ('ID','en','Indonesia');
INSERT INTO `countryTranslation` (`countryId`, `langId`, `countryName`) VALUES ('IE','ar','أيرلندا');
INSERT INTO `countryTranslation` (`countryId`, `langId`, `countryName`) VALUES ('IE','en','Ireland');
INSERT INTO `countryTranslation` (`countryId`, `langId`, `countryName`) VALUES ('IL','ar','إسرائيل');
INSERT INTO `countryTranslation` (`countryId`, `langId`, `countryName`) VALUES ('IL','en','Israel');
INSERT INTO `countryTranslation` (`countryId`, `langId`, `countryName`) VALUES ('IN','ar','الهند');
INSERT INTO `countryTranslation` (`countryId`, `langId`, `countryName`) VALUES ('IN','en','India');
INSERT INTO `countryTranslation` (`countryId`, `langId`, `countryName`) VALUES ('IO','ar','إقليم المحيط البريطاني الهندي');
INSERT INTO `countryTranslation` (`countryId`, `langId`, `countryName`) VALUES ('IO','en','British Indian Ocean Territory');
INSERT INTO `countryTranslation` (`countryId`, `langId`, `countryName`) VALUES ('IQ','ar','العراق');
INSERT INTO `countryTranslation` (`countryId`, `langId`, `countryName`) VALUES ('IQ','en','Iraq');
INSERT INTO `countryTranslation` (`countryId`, `langId`, `countryName`) VALUES ('IR','ar','إيران');
INSERT INTO `countryTranslation` (`countryId`, `langId`, `countryName`) VALUES ('IR','en','Iran');
INSERT INTO `countryTranslation` (`countryId`, `langId`, `countryName`) VALUES ('IS','ar','أيسلندا');
INSERT INTO `countryTranslation` (`countryId`, `langId`, `countryName`) VALUES ('IS','en','Iceland');
INSERT INTO `countryTranslation` (`countryId`, `langId`, `countryName`) VALUES ('IT','ar','إيطاليا');
INSERT INTO `countryTranslation` (`countryId`, `langId`, `countryName`) VALUES ('IT','en','Italy');
INSERT INTO `countryTranslation` (`countryId`, `langId`, `countryName`) VALUES ('JE','ar','جيرزي');
INSERT INTO `countryTranslation` (`countryId`, `langId`, `countryName`) VALUES ('JE','en','Jersey');
INSERT INTO `countryTranslation` (`countryId`, `langId`, `countryName`) VALUES ('JM','ar','جامايكا');
INSERT INTO `countryTranslation` (`countryId`, `langId`, `countryName`) VALUES ('JM','en','Jamaica');
INSERT INTO `countryTranslation` (`countryId`, `langId`, `countryName`) VALUES ('JO','ar','الأردن');
INSERT INTO `countryTranslation` (`countryId`, `langId`, `countryName`) VALUES ('JO','en','Jordan');
INSERT INTO `countryTranslation` (`countryId`, `langId`, `countryName`) VALUES ('JP','ar','اليابان');
INSERT INTO `countryTranslation` (`countryId`, `langId`, `countryName`) VALUES ('JP','en','Japan');
INSERT INTO `countryTranslation` (`countryId`, `langId`, `countryName`) VALUES ('KE','ar','كينيا');
INSERT INTO `countryTranslation` (`countryId`, `langId`, `countryName`) VALUES ('KE','en','Kenya');
INSERT INTO `countryTranslation` (`countryId`, `langId`, `countryName`) VALUES ('KG','ar','قرغيزستان');
INSERT INTO `countryTranslation` (`countryId`, `langId`, `countryName`) VALUES ('KG','en','Kyrgyzstan');
INSERT INTO `countryTranslation` (`countryId`, `langId`, `countryName`) VALUES ('KH','ar','كمبوديا');
INSERT INTO `countryTranslation` (`countryId`, `langId`, `countryName`) VALUES ('KH','en','Cambodia');
INSERT INTO `countryTranslation` (`countryId`, `langId`, `countryName`) VALUES ('KI','ar','كيريباس');
INSERT INTO `countryTranslation` (`countryId`, `langId`, `countryName`) VALUES ('KI','en','Kiribati');
INSERT INTO `countryTranslation` (`countryId`, `langId`, `countryName`) VALUES ('KM','ar','جزر القمر');
INSERT INTO `countryTranslation` (`countryId`, `langId`, `countryName`) VALUES ('KM','en','Comoros');
INSERT INTO `countryTranslation` (`countryId`, `langId`, `countryName`) VALUES ('KN','ar','سانت كيتس ونيفيس');
INSERT INTO `countryTranslation` (`countryId`, `langId`, `countryName`) VALUES ('KN','en','Saint Kitts and Nevis');
INSERT INTO `countryTranslation` (`countryId`, `langId`, `countryName`) VALUES ('KP','ar','كوريا الشمالية');
INSERT INTO `countryTranslation` (`countryId`, `langId`, `countryName`) VALUES ('KP','en','North Korea');
INSERT INTO `countryTranslation` (`countryId`, `langId`, `countryName`) VALUES ('KR','ar','جمهورية كوريا');
INSERT INTO `countryTranslation` (`countryId`, `langId`, `countryName`) VALUES ('KR','en','Korea, Republic of');
INSERT INTO `countryTranslation` (`countryId`, `langId`, `countryName`) VALUES ('KW','ar','الكويت');
INSERT INTO `countryTranslation` (`countryId`, `langId`, `countryName`) VALUES ('KW','en','Kuwait');
INSERT INTO `countryTranslation` (`countryId`, `langId`, `countryName`) VALUES ('KY','ar','جزر كايمان');
INSERT INTO `countryTranslation` (`countryId`, `langId`, `countryName`) VALUES ('KY','en','Cayman Islands');
INSERT INTO `countryTranslation` (`countryId`, `langId`, `countryName`) VALUES ('KZ','ar','كازاخستان');
INSERT INTO `countryTranslation` (`countryId`, `langId`, `countryName`) VALUES ('KZ','en','Kazakhstan');
INSERT INTO `countryTranslation` (`countryId`, `langId`, `countryName`) VALUES ('LA','ar','لاوس');
INSERT INTO `countryTranslation` (`countryId`, `langId`, `countryName`) VALUES ('LA','en','Laos');
INSERT INTO `countryTranslation` (`countryId`, `langId`, `countryName`) VALUES ('LB','ar','لبنان');
INSERT INTO `countryTranslation` (`countryId`, `langId`, `countryName`) VALUES ('LB','en','Lebanon');
INSERT INTO `countryTranslation` (`countryId`, `langId`, `countryName`) VALUES ('LC','ar','القديسة لوسيا');
INSERT INTO `countryTranslation` (`countryId`, `langId`, `countryName`) VALUES ('LC','en','Saint LUCIA');
INSERT INTO `countryTranslation` (`countryId`, `langId`, `countryName`) VALUES ('LI','ar','ليختنشتاين');
INSERT INTO `countryTranslation` (`countryId`, `langId`, `countryName`) VALUES ('LI','en','Liechtenstein');
INSERT INTO `countryTranslation` (`countryId`, `langId`, `countryName`) VALUES ('LK','ar','سيريلانكا');
INSERT INTO `countryTranslation` (`countryId`, `langId`, `countryName`) VALUES ('LK','en','Sri Lanka');
INSERT INTO `countryTranslation` (`countryId`, `langId`, `countryName`) VALUES ('LR','ar','ليبيريا');
INSERT INTO `countryTranslation` (`countryId`, `langId`, `countryName`) VALUES ('LR','en','Liberia');
INSERT INTO `countryTranslation` (`countryId`, `langId`, `countryName`) VALUES ('LS','ar','ليسوتو');
INSERT INTO `countryTranslation` (`countryId`, `langId`, `countryName`) VALUES ('LS','en','Lesotho');
INSERT INTO `countryTranslation` (`countryId`, `langId`, `countryName`) VALUES ('LT','ar','ليتوانيا');
INSERT INTO `countryTranslation` (`countryId`, `langId`, `countryName`) VALUES ('LT','en','Lithuania');
INSERT INTO `countryTranslation` (`countryId`, `langId`, `countryName`) VALUES ('LU','ar','لوكسمبورغ');
INSERT INTO `countryTranslation` (`countryId`, `langId`, `countryName`) VALUES ('LU','en','Luxembourg');
INSERT INTO `countryTranslation` (`countryId`, `langId`, `countryName`) VALUES ('LV','ar','لاتفيا');
INSERT INTO `countryTranslation` (`countryId`, `langId`, `countryName`) VALUES ('LV','en','Latvia');
INSERT INTO `countryTranslation` (`countryId`, `langId`, `countryName`) VALUES ('LY','ar','الجماهيرية العربية الليبية');
INSERT INTO `countryTranslation` (`countryId`, `langId`, `countryName`) VALUES ('LY','en','Libyan Arab Jamahiriya');
INSERT INTO `countryTranslation` (`countryId`, `langId`, `countryName`) VALUES ('MA','ar','المغرب');
INSERT INTO `countryTranslation` (`countryId`, `langId`, `countryName`) VALUES ('MA','en','Morocco');
INSERT INTO `countryTranslation` (`countryId`, `langId`, `countryName`) VALUES ('MC','ar','موناكو');
INSERT INTO `countryTranslation` (`countryId`, `langId`, `countryName`) VALUES ('MC','en','Monaco');
INSERT INTO `countryTranslation` (`countryId`, `langId`, `countryName`) VALUES ('MD','ar','مولدوفا');
INSERT INTO `countryTranslation` (`countryId`, `langId`, `countryName`) VALUES ('MD','en','Moldova');
INSERT INTO `countryTranslation` (`countryId`, `langId`, `countryName`) VALUES ('MF','ar','تجمع سان مارتين');
INSERT INTO `countryTranslation` (`countryId`, `langId`, `countryName`) VALUES ('MF','en','Collectivity of Saint Martin');
INSERT INTO `countryTranslation` (`countryId`, `langId`, `countryName`) VALUES ('MG','ar','مدغشقر');
INSERT INTO `countryTranslation` (`countryId`, `langId`, `countryName`) VALUES ('MG','en','Madagascar');
INSERT INTO `countryTranslation` (`countryId`, `langId`, `countryName`) VALUES ('MH','ar','جزر مارشال');
INSERT INTO `countryTranslation` (`countryId`, `langId`, `countryName`) VALUES ('MH','en','Marshall Islands');
INSERT INTO `countryTranslation` (`countryId`, `langId`, `countryName`) VALUES ('MK','ar','مقدونيا ، جمهورية يوغوسلافيا السابقة');
INSERT INTO `countryTranslation` (`countryId`, `langId`, `countryName`) VALUES ('MK','en','Macedonia, The Former Yugoslav Republic of');
INSERT INTO `countryTranslation` (`countryId`, `langId`, `countryName`) VALUES ('ML','ar','مالي');
INSERT INTO `countryTranslation` (`countryId`, `langId`, `countryName`) VALUES ('ML','en','Mali');
INSERT INTO `countryTranslation` (`countryId`, `langId`, `countryName`) VALUES ('MM','ar','ميانمار');
INSERT INTO `countryTranslation` (`countryId`, `langId`, `countryName`) VALUES ('MM','en','Myanmar');
INSERT INTO `countryTranslation` (`countryId`, `langId`, `countryName`) VALUES ('MN','ar','منغوليا');
INSERT INTO `countryTranslation` (`countryId`, `langId`, `countryName`) VALUES ('MN','en','Mongolia');
INSERT INTO `countryTranslation` (`countryId`, `langId`, `countryName`) VALUES ('MO','ar','ماكاو');
INSERT INTO `countryTranslation` (`countryId`, `langId`, `countryName`) VALUES ('MO','en','Macau');
INSERT INTO `countryTranslation` (`countryId`, `langId`, `countryName`) VALUES ('MP','ar','جزر مريانا الشمالية');
INSERT INTO `countryTranslation` (`countryId`, `langId`, `countryName`) VALUES ('MP','en','Northern Mariana Islands');
INSERT INTO `countryTranslation` (`countryId`, `langId`, `countryName`) VALUES ('MQ','ar','مارتينيك');
INSERT INTO `countryTranslation` (`countryId`, `langId`, `countryName`) VALUES ('MQ','en','Martinique');
INSERT INTO `countryTranslation` (`countryId`, `langId`, `countryName`) VALUES ('MR','ar','موريتانيا');
INSERT INTO `countryTranslation` (`countryId`, `langId`, `countryName`) VALUES ('MR','en','Mauritania');
INSERT INTO `countryTranslation` (`countryId`, `langId`, `countryName`) VALUES ('MS','ar','مونتسيرات');
INSERT INTO `countryTranslation` (`countryId`, `langId`, `countryName`) VALUES ('MS','en','Montserrat');
INSERT INTO `countryTranslation` (`countryId`, `langId`, `countryName`) VALUES ('MT','ar','مالطا');
INSERT INTO `countryTranslation` (`countryId`, `langId`, `countryName`) VALUES ('MT','en','Malta');
INSERT INTO `countryTranslation` (`countryId`, `langId`, `countryName`) VALUES ('MU','ar','موريشيوس');
INSERT INTO `countryTranslation` (`countryId`, `langId`, `countryName`) VALUES ('MU','en','Mauritius');
INSERT INTO `countryTranslation` (`countryId`, `langId`, `countryName`) VALUES ('MV','ar','جزر المالديف');
INSERT INTO `countryTranslation` (`countryId`, `langId`, `countryName`) VALUES ('MV','en','Maldives');
INSERT INTO `countryTranslation` (`countryId`, `langId`, `countryName`) VALUES ('MW','ar','مالاوي');
INSERT INTO `countryTranslation` (`countryId`, `langId`, `countryName`) VALUES ('MW','en','Malawi');
INSERT INTO `countryTranslation` (`countryId`, `langId`, `countryName`) VALUES ('MX','ar','المكسيك');
INSERT INTO `countryTranslation` (`countryId`, `langId`, `countryName`) VALUES ('MX','en','Mexico');
INSERT INTO `countryTranslation` (`countryId`, `langId`, `countryName`) VALUES ('MY','ar','ماليزيا');
INSERT INTO `countryTranslation` (`countryId`, `langId`, `countryName`) VALUES ('MY','en','Malaysia');
INSERT INTO `countryTranslation` (`countryId`, `langId`, `countryName`) VALUES ('MZ','ar','موزمبيق');
INSERT INTO `countryTranslation` (`countryId`, `langId`, `countryName`) VALUES ('MZ','en','Mozambique');
INSERT INTO `countryTranslation` (`countryId`, `langId`, `countryName`) VALUES ('NA','ar','ناميبيا');
INSERT INTO `countryTranslation` (`countryId`, `langId`, `countryName`) VALUES ('NA','en','Namibia');
INSERT INTO `countryTranslation` (`countryId`, `langId`, `countryName`) VALUES ('NC','ar','كاليدونيا الجديدة');
INSERT INTO `countryTranslation` (`countryId`, `langId`, `countryName`) VALUES ('NC','en','New Caledonia');
INSERT INTO `countryTranslation` (`countryId`, `langId`, `countryName`) VALUES ('NE','ar','النيجر');
INSERT INTO `countryTranslation` (`countryId`, `langId`, `countryName`) VALUES ('NE','en','Niger');
INSERT INTO `countryTranslation` (`countryId`, `langId`, `countryName`) VALUES ('NF','ar','جزيرة نورفولك');
INSERT INTO `countryTranslation` (`countryId`, `langId`, `countryName`) VALUES ('NF','en','Norfolk Island');
INSERT INTO `countryTranslation` (`countryId`, `langId`, `countryName`) VALUES ('NG','ar','نيجيريا');
INSERT INTO `countryTranslation` (`countryId`, `langId`, `countryName`) VALUES ('NG','en','Nigeria');
INSERT INTO `countryTranslation` (`countryId`, `langId`, `countryName`) VALUES ('NI','ar','نيكاراغوا');
INSERT INTO `countryTranslation` (`countryId`, `langId`, `countryName`) VALUES ('NI','en','Nicaragua');
INSERT INTO `countryTranslation` (`countryId`, `langId`, `countryName`) VALUES ('NL','ar','هولندا');
INSERT INTO `countryTranslation` (`countryId`, `langId`, `countryName`) VALUES ('NL','en','Netherlands');
INSERT INTO `countryTranslation` (`countryId`, `langId`, `countryName`) VALUES ('NO','ar','النرويج');
INSERT INTO `countryTranslation` (`countryId`, `langId`, `countryName`) VALUES ('NO','en','Norway');
INSERT INTO `countryTranslation` (`countryId`, `langId`, `countryName`) VALUES ('NP','ar','نيبال');
INSERT INTO `countryTranslation` (`countryId`, `langId`, `countryName`) VALUES ('NP','en','Nepal');
INSERT INTO `countryTranslation` (`countryId`, `langId`, `countryName`) VALUES ('NR','ar','ناورو');
INSERT INTO `countryTranslation` (`countryId`, `langId`, `countryName`) VALUES ('NR','en','Nauru');
INSERT INTO `countryTranslation` (`countryId`, `langId`, `countryName`) VALUES ('NU','ar','نيوي');
INSERT INTO `countryTranslation` (`countryId`, `langId`, `countryName`) VALUES ('NU','en','Niue');
INSERT INTO `countryTranslation` (`countryId`, `langId`, `countryName`) VALUES ('NZ','ar','نيوزيلندا');
INSERT INTO `countryTranslation` (`countryId`, `langId`, `countryName`) VALUES ('NZ','en','New Zealand');
INSERT INTO `countryTranslation` (`countryId`, `langId`, `countryName`) VALUES ('OM','ar','سلطنة عمان');
INSERT INTO `countryTranslation` (`countryId`, `langId`, `countryName`) VALUES ('OM','en','Oman');
INSERT INTO `countryTranslation` (`countryId`, `langId`, `countryName`) VALUES ('PA','ar','بناما');
INSERT INTO `countryTranslation` (`countryId`, `langId`, `countryName`) VALUES ('PA','en','Panama');
INSERT INTO `countryTranslation` (`countryId`, `langId`, `countryName`) VALUES ('PE','ar','بيرو');
INSERT INTO `countryTranslation` (`countryId`, `langId`, `countryName`) VALUES ('PE','en','Peru');
INSERT INTO `countryTranslation` (`countryId`, `langId`, `countryName`) VALUES ('PF','ar','بولينيزيا الفرنسية');
INSERT INTO `countryTranslation` (`countryId`, `langId`, `countryName`) VALUES ('PF','en','French Polynesia');
INSERT INTO `countryTranslation` (`countryId`, `langId`, `countryName`) VALUES ('PG','ar','بابوا غينيا الجديدة');
INSERT INTO `countryTranslation` (`countryId`, `langId`, `countryName`) VALUES ('PG','en','Papua New Guinea');
INSERT INTO `countryTranslation` (`countryId`, `langId`, `countryName`) VALUES ('PH','ar','الفلبين');
INSERT INTO `countryTranslation` (`countryId`, `langId`, `countryName`) VALUES ('PH','en','Philippines');
INSERT INTO `countryTranslation` (`countryId`, `langId`, `countryName`) VALUES ('PK','ar','باكستان');
INSERT INTO `countryTranslation` (`countryId`, `langId`, `countryName`) VALUES ('PK','en','Pakistan');
INSERT INTO `countryTranslation` (`countryId`, `langId`, `countryName`) VALUES ('PL','ar','بولندا');
INSERT INTO `countryTranslation` (`countryId`, `langId`, `countryName`) VALUES ('PL','en','Poland');
INSERT INTO `countryTranslation` (`countryId`, `langId`, `countryName`) VALUES ('PM','ar','سان بيير وميكلون');
INSERT INTO `countryTranslation` (`countryId`, `langId`, `countryName`) VALUES ('PM','en','Saint Pierre and Miquelon');
INSERT INTO `countryTranslation` (`countryId`, `langId`, `countryName`) VALUES ('PN','ar','بيتكيرن');
INSERT INTO `countryTranslation` (`countryId`, `langId`, `countryName`) VALUES ('PN','en','Pitcairn');
INSERT INTO `countryTranslation` (`countryId`, `langId`, `countryName`) VALUES ('PR','ar','بورتوريكو');
INSERT INTO `countryTranslation` (`countryId`, `langId`, `countryName`) VALUES ('PR','en','Puerto Rico');
INSERT INTO `countryTranslation` (`countryId`, `langId`, `countryName`) VALUES ('PT','ar','البرتغال');
INSERT INTO `countryTranslation` (`countryId`, `langId`, `countryName`) VALUES ('PT','en','Portugal');
INSERT INTO `countryTranslation` (`countryId`, `langId`, `countryName`) VALUES ('PW','ar','بالاو');
INSERT INTO `countryTranslation` (`countryId`, `langId`, `countryName`) VALUES ('PW','en','Palau');
INSERT INTO `countryTranslation` (`countryId`, `langId`, `countryName`) VALUES ('PY','ar','باراغواي');
INSERT INTO `countryTranslation` (`countryId`, `langId`, `countryName`) VALUES ('PY','en','Paraguay');
INSERT INTO `countryTranslation` (`countryId`, `langId`, `countryName`) VALUES ('QA','ar','دولة قطر');
INSERT INTO `countryTranslation` (`countryId`, `langId`, `countryName`) VALUES ('QA','en','Qatar');
INSERT INTO `countryTranslation` (`countryId`, `langId`, `countryName`) VALUES ('RE','ar','جمع شمل');
INSERT INTO `countryTranslation` (`countryId`, `langId`, `countryName`) VALUES ('RE','en','Reunion');
INSERT INTO `countryTranslation` (`countryId`, `langId`, `countryName`) VALUES ('RO','ar','رومانيا');
INSERT INTO `countryTranslation` (`countryId`, `langId`, `countryName`) VALUES ('RO','en','Romania');
INSERT INTO `countryTranslation` (`countryId`, `langId`, `countryName`) VALUES ('RU','ar','روسيا');
INSERT INTO `countryTranslation` (`countryId`, `langId`, `countryName`) VALUES ('RU','en','Russia');
INSERT INTO `countryTranslation` (`countryId`, `langId`, `countryName`) VALUES ('RW','ar','رواندا');
INSERT INTO `countryTranslation` (`countryId`, `langId`, `countryName`) VALUES ('RW','en','Rwanda');
INSERT INTO `countryTranslation` (`countryId`, `langId`, `countryName`) VALUES ('SA','ar','المملكة العربية السعودية');
INSERT INTO `countryTranslation` (`countryId`, `langId`, `countryName`) VALUES ('SA','en','Saudi Arabia');
INSERT INTO `countryTranslation` (`countryId`, `langId`, `countryName`) VALUES ('SB','ar','جزر سليمان');
INSERT INTO `countryTranslation` (`countryId`, `langId`, `countryName`) VALUES ('SB','en','Solomon Islands');
INSERT INTO `countryTranslation` (`countryId`, `langId`, `countryName`) VALUES ('SC','ar','سيشيل');
INSERT INTO `countryTranslation` (`countryId`, `langId`, `countryName`) VALUES ('SC','en','Seychelles');
INSERT INTO `countryTranslation` (`countryId`, `langId`, `countryName`) VALUES ('SD','ar','سودان');
INSERT INTO `countryTranslation` (`countryId`, `langId`, `countryName`) VALUES ('SD','en','Sudan');
INSERT INTO `countryTranslation` (`countryId`, `langId`, `countryName`) VALUES ('SE','ar','السويد');
INSERT INTO `countryTranslation` (`countryId`, `langId`, `countryName`) VALUES ('SE','en','Sweden');
INSERT INTO `countryTranslation` (`countryId`, `langId`, `countryName`) VALUES ('SG','ar','سنغافورة');
INSERT INTO `countryTranslation` (`countryId`, `langId`, `countryName`) VALUES ('SG','en','Singapore');
INSERT INTO `countryTranslation` (`countryId`, `langId`, `countryName`) VALUES ('SH','ar','سانت هيلانة');
INSERT INTO `countryTranslation` (`countryId`, `langId`, `countryName`) VALUES ('SH','en','St. Helena');
INSERT INTO `countryTranslation` (`countryId`, `langId`, `countryName`) VALUES ('SI','ar','سلوفينيا');
INSERT INTO `countryTranslation` (`countryId`, `langId`, `countryName`) VALUES ('SI','en','Slovenia');
INSERT INTO `countryTranslation` (`countryId`, `langId`, `countryName`) VALUES ('SJ','ar','جزر سفالبارد وجان ماين');
INSERT INTO `countryTranslation` (`countryId`, `langId`, `countryName`) VALUES ('SJ','en','Svalbard and Jan Mayen Islands');
INSERT INTO `countryTranslation` (`countryId`, `langId`, `countryName`) VALUES ('SK','ar','سلوفاكيا (جمهورية سلوفاكيا)');
INSERT INTO `countryTranslation` (`countryId`, `langId`, `countryName`) VALUES ('SK','en','Slovakia (Slovak Republic)');
INSERT INTO `countryTranslation` (`countryId`, `langId`, `countryName`) VALUES ('SL','ar','سيرا ليون');
INSERT INTO `countryTranslation` (`countryId`, `langId`, `countryName`) VALUES ('SL','en','Sierra Leone');
INSERT INTO `countryTranslation` (`countryId`, `langId`, `countryName`) VALUES ('SM','ar','سان مارينو');
INSERT INTO `countryTranslation` (`countryId`, `langId`, `countryName`) VALUES ('SM','en','San Marino');
INSERT INTO `countryTranslation` (`countryId`, `langId`, `countryName`) VALUES ('SN','ar','السنغال');
INSERT INTO `countryTranslation` (`countryId`, `langId`, `countryName`) VALUES ('SN','en','Senegal');
INSERT INTO `countryTranslation` (`countryId`, `langId`, `countryName`) VALUES ('SO','ar','الصومال');
INSERT INTO `countryTranslation` (`countryId`, `langId`, `countryName`) VALUES ('SO','en','Somalia');
INSERT INTO `countryTranslation` (`countryId`, `langId`, `countryName`) VALUES ('SR','ar','سورينام');
INSERT INTO `countryTranslation` (`countryId`, `langId`, `countryName`) VALUES ('SR','en','Suriname');
INSERT INTO `countryTranslation` (`countryId`, `langId`, `countryName`) VALUES ('ST','ar','ساو تومي وبرنسيبي');
INSERT INTO `countryTranslation` (`countryId`, `langId`, `countryName`) VALUES ('ST','en','Sao Tome and Principe');
INSERT INTO `countryTranslation` (`countryId`, `langId`, `countryName`) VALUES ('SV','ar','السلفادور');
INSERT INTO `countryTranslation` (`countryId`, `langId`, `countryName`) VALUES ('SV','en','El Salvador');
INSERT INTO `countryTranslation` (`countryId`, `langId`, `countryName`) VALUES ('SX','ar','سينت مارتن');
INSERT INTO `countryTranslation` (`countryId`, `langId`, `countryName`) VALUES ('SX','en','Sint Maarten');
INSERT INTO `countryTranslation` (`countryId`, `langId`, `countryName`) VALUES ('SY','ar','الجمهورية العربية السورية');
INSERT INTO `countryTranslation` (`countryId`, `langId`, `countryName`) VALUES ('SY','en','Syrian Arab Republic');
INSERT INTO `countryTranslation` (`countryId`, `langId`, `countryName`) VALUES ('SZ','ar','سوازيلاند');
INSERT INTO `countryTranslation` (`countryId`, `langId`, `countryName`) VALUES ('SZ','en','Swaziland');
INSERT INTO `countryTranslation` (`countryId`, `langId`, `countryName`) VALUES ('TC','ar','جزر تركس وكايكوس');
INSERT INTO `countryTranslation` (`countryId`, `langId`, `countryName`) VALUES ('TC','en','Turks and Caicos Islands');
INSERT INTO `countryTranslation` (`countryId`, `langId`, `countryName`) VALUES ('TD','ar','تشاد');
INSERT INTO `countryTranslation` (`countryId`, `langId`, `countryName`) VALUES ('TD','en','Chad');
INSERT INTO `countryTranslation` (`countryId`, `langId`, `countryName`) VALUES ('TF','ar','المناطق الجنوبية لفرنسا');
INSERT INTO `countryTranslation` (`countryId`, `langId`, `countryName`) VALUES ('TF','en','French Southern Territories');
INSERT INTO `countryTranslation` (`countryId`, `langId`, `countryName`) VALUES ('TG','ar','ليذهب');
INSERT INTO `countryTranslation` (`countryId`, `langId`, `countryName`) VALUES ('TG','en','Togo');
INSERT INTO `countryTranslation` (`countryId`, `langId`, `countryName`) VALUES ('TH','ar','تايلاند');
INSERT INTO `countryTranslation` (`countryId`, `langId`, `countryName`) VALUES ('TH','en','Thailand');
INSERT INTO `countryTranslation` (`countryId`, `langId`, `countryName`) VALUES ('TJ','ar','طاجيكستان');
INSERT INTO `countryTranslation` (`countryId`, `langId`, `countryName`) VALUES ('TJ','en','Tajikistan');
INSERT INTO `countryTranslation` (`countryId`, `langId`, `countryName`) VALUES ('TK','ar','توكيلاو');
INSERT INTO `countryTranslation` (`countryId`, `langId`, `countryName`) VALUES ('TK','en','Tokelau');
INSERT INTO `countryTranslation` (`countryId`, `langId`, `countryName`) VALUES ('TM','ar','تركمانستان');
INSERT INTO `countryTranslation` (`countryId`, `langId`, `countryName`) VALUES ('TM','en','Turkmenistan');
INSERT INTO `countryTranslation` (`countryId`, `langId`, `countryName`) VALUES ('TN','ar','تونس');
INSERT INTO `countryTranslation` (`countryId`, `langId`, `countryName`) VALUES ('TN','en','Tunisia');
INSERT INTO `countryTranslation` (`countryId`, `langId`, `countryName`) VALUES ('TO','ar','تونغا');
INSERT INTO `countryTranslation` (`countryId`, `langId`, `countryName`) VALUES ('TO','en','Tonga');
INSERT INTO `countryTranslation` (`countryId`, `langId`, `countryName`) VALUES ('TR','ar','ديك رومي');
INSERT INTO `countryTranslation` (`countryId`, `langId`, `countryName`) VALUES ('TR','en','Turkey');
INSERT INTO `countryTranslation` (`countryId`, `langId`, `countryName`) VALUES ('TT','ar','ترينداد وتوباغو');
INSERT INTO `countryTranslation` (`countryId`, `langId`, `countryName`) VALUES ('TT','en','Trinidad and Tobago');
INSERT INTO `countryTranslation` (`countryId`, `langId`, `countryName`) VALUES ('TV','ar','توفالو');
INSERT INTO `countryTranslation` (`countryId`, `langId`, `countryName`) VALUES ('TV','en','Tuvalu');
INSERT INTO `countryTranslation` (`countryId`, `langId`, `countryName`) VALUES ('TW','ar','تايوان ، مقاطعة الصين');
INSERT INTO `countryTranslation` (`countryId`, `langId`, `countryName`) VALUES ('TW','en','Taiwan, Province of China');
INSERT INTO `countryTranslation` (`countryId`, `langId`, `countryName`) VALUES ('TZ','ar','جمهورية تنزانيا المتحدة');
INSERT INTO `countryTranslation` (`countryId`, `langId`, `countryName`) VALUES ('TZ','en','Tanzania, United Republic of');
INSERT INTO `countryTranslation` (`countryId`, `langId`, `countryName`) VALUES ('UA','ar','أوكرانيا');
INSERT INTO `countryTranslation` (`countryId`, `langId`, `countryName`) VALUES ('UA','en','Ukraine');
INSERT INTO `countryTranslation` (`countryId`, `langId`, `countryName`) VALUES ('UG','ar','أوغندا');
INSERT INTO `countryTranslation` (`countryId`, `langId`, `countryName`) VALUES ('UG','en','Uganda');
INSERT INTO `countryTranslation` (`countryId`, `langId`, `countryName`) VALUES ('UM','ar','جزر الولايات المتحدة البعيدة الصغرى');
INSERT INTO `countryTranslation` (`countryId`, `langId`, `countryName`) VALUES ('UM','en','United States Minor Outlying Islands');
INSERT INTO `countryTranslation` (`countryId`, `langId`, `countryName`) VALUES ('US','ar','الولايات المتحدة الامريكية');
INSERT INTO `countryTranslation` (`countryId`, `langId`, `countryName`) VALUES ('US','en','United States');
INSERT INTO `countryTranslation` (`countryId`, `langId`, `countryName`) VALUES ('UY','ar','أوروغواي');
INSERT INTO `countryTranslation` (`countryId`, `langId`, `countryName`) VALUES ('UY','en','Uruguay');
INSERT INTO `countryTranslation` (`countryId`, `langId`, `countryName`) VALUES ('UZ','ar','أوزبكستان');
INSERT INTO `countryTranslation` (`countryId`, `langId`, `countryName`) VALUES ('UZ','en','Uzbekistan');
INSERT INTO `countryTranslation` (`countryId`, `langId`, `countryName`) VALUES ('VA','ar','الكرسي الرسولي');
INSERT INTO `countryTranslation` (`countryId`, `langId`, `countryName`) VALUES ('VA','en','Holy See');
INSERT INTO `countryTranslation` (`countryId`, `langId`, `countryName`) VALUES ('VC','ar','سانت فنسنت وجزر غرينادين');
INSERT INTO `countryTranslation` (`countryId`, `langId`, `countryName`) VALUES ('VC','en','Saint Vincent and the Grenadines');
INSERT INTO `countryTranslation` (`countryId`, `langId`, `countryName`) VALUES ('VE','ar','فنزويلا');
INSERT INTO `countryTranslation` (`countryId`, `langId`, `countryName`) VALUES ('VE','en','Venezuela');
INSERT INTO `countryTranslation` (`countryId`, `langId`, `countryName`) VALUES ('VG','ar','جزر فيرجن البريطانية');
INSERT INTO `countryTranslation` (`countryId`, `langId`, `countryName`) VALUES ('VG','en','British Virgin Islands');
INSERT INTO `countryTranslation` (`countryId`, `langId`, `countryName`) VALUES ('VI','ar','جزر فيرجن الأمريكية');
INSERT INTO `countryTranslation` (`countryId`, `langId`, `countryName`) VALUES ('VI','en','United States Virgin Islands');
INSERT INTO `countryTranslation` (`countryId`, `langId`, `countryName`) VALUES ('VN','ar','فيتنام');
INSERT INTO `countryTranslation` (`countryId`, `langId`, `countryName`) VALUES ('VN','en','Viet Nam');
INSERT INTO `countryTranslation` (`countryId`, `langId`, `countryName`) VALUES ('VU','ar','فانواتو');
INSERT INTO `countryTranslation` (`countryId`, `langId`, `countryName`) VALUES ('VU','en','Vanuatu');
INSERT INTO `countryTranslation` (`countryId`, `langId`, `countryName`) VALUES ('WF','ar','جزر واليس وفوتونا');
INSERT INTO `countryTranslation` (`countryId`, `langId`, `countryName`) VALUES ('WF','en','Wallis and Futuna Islands');
INSERT INTO `countryTranslation` (`countryId`, `langId`, `countryName`) VALUES ('WS','ar','ساموا');
INSERT INTO `countryTranslation` (`countryId`, `langId`, `countryName`) VALUES ('WS','en','Samoa');
INSERT INTO `countryTranslation` (`countryId`, `langId`, `countryName`) VALUES ('YE','ar','اليمن');
INSERT INTO `countryTranslation` (`countryId`, `langId`, `countryName`) VALUES ('YE','en','Yemen');
INSERT INTO `countryTranslation` (`countryId`, `langId`, `countryName`) VALUES ('YT','ar','مايوت');
INSERT INTO `countryTranslation` (`countryId`, `langId`, `countryName`) VALUES ('YT','en','Mayotte');
INSERT INTO `countryTranslation` (`countryId`, `langId`, `countryName`) VALUES ('ZA','ar','جنوب أفريقيا');
INSERT INTO `countryTranslation` (`countryId`, `langId`, `countryName`) VALUES ('ZA','en','South Africa');
INSERT INTO `countryTranslation` (`countryId`, `langId`, `countryName`) VALUES ('ZM','ar','زامبيا');
INSERT INTO `countryTranslation` (`countryId`, `langId`, `countryName`) VALUES ('ZM','en','Zambia');
INSERT INTO `countryTranslation` (`countryId`, `langId`, `countryName`) VALUES ('ZW','ar','زيمبابوي');
INSERT INTO `countryTranslation` (`countryId`, `langId`, `countryName`) VALUES ('ZW','en','Zimbabwe');

INSERT INTO `timezone` (`timezoneId`) VALUES ('Africa/Abidjan');
INSERT INTO `timezoneTranslation` (`timezoneId`, `langId`, `timezoneName`) VALUES ('Africa/Abidjan', 'en', 'Greenwich Mean Time');
INSERT INTO `timezoneTranslation` (`timezoneId`, `langId`, `timezoneName`) VALUES ('Africa/Abidjan', 'ar', 'توقيت غرينيتش');
INSERT INTO `timezone` (`timezoneId`) VALUES ('Africa/Accra');
INSERT INTO `timezoneTranslation` (`timezoneId`, `langId`, `timezoneName`) VALUES ('Africa/Accra', 'en', 'Ghana Mean Time');
INSERT INTO `timezoneTranslation` (`timezoneId`, `langId`, `timezoneName`) VALUES ('Africa/Accra', 'ar', 'غانا يعني الوقت');
INSERT INTO `timezone` (`timezoneId`) VALUES ('Africa/Addis_Ababa');
INSERT INTO `timezoneTranslation` (`timezoneId`, `langId`, `timezoneName`) VALUES ('Africa/Addis_Ababa', 'en', 'Eastern African Time');
INSERT INTO `timezoneTranslation` (`timezoneId`, `langId`, `timezoneName`) VALUES ('Africa/Addis_Ababa', 'ar', 'توقيت شرق إفريقيا');
INSERT INTO `timezone` (`timezoneId`) VALUES ('Africa/Algiers');
INSERT INTO `timezoneTranslation` (`timezoneId`, `langId`, `timezoneName`) VALUES ('Africa/Algiers', 'en', 'Central European Time');
INSERT INTO `timezoneTranslation` (`timezoneId`, `langId`, `timezoneName`) VALUES ('Africa/Algiers', 'ar', 'توقيت وسط أوروبا');
INSERT INTO `timezone` (`timezoneId`) VALUES ('Africa/Asmara');
INSERT INTO `timezoneTranslation` (`timezoneId`, `langId`, `timezoneName`) VALUES ('Africa/Asmara', 'en', 'Eastern African Time');
INSERT INTO `timezoneTranslation` (`timezoneId`, `langId`, `timezoneName`) VALUES ('Africa/Asmara', 'ar', 'توقيت شرق إفريقيا');
INSERT INTO `timezone` (`timezoneId`) VALUES ('Africa/Asmera');
INSERT INTO `timezoneTranslation` (`timezoneId`, `langId`, `timezoneName`) VALUES ('Africa/Asmera', 'en', 'Eastern African Time');
INSERT INTO `timezoneTranslation` (`timezoneId`, `langId`, `timezoneName`) VALUES ('Africa/Asmera', 'ar', 'توقيت شرق إفريقيا');
INSERT INTO `timezone` (`timezoneId`) VALUES ('Africa/Bamako');
INSERT INTO `timezoneTranslation` (`timezoneId`, `langId`, `timezoneName`) VALUES ('Africa/Bamako', 'en', 'Greenwich Mean Time');
INSERT INTO `timezoneTranslation` (`timezoneId`, `langId`, `timezoneName`) VALUES ('Africa/Bamako', 'ar', 'توقيت غرينيتش');
INSERT INTO `timezone` (`timezoneId`) VALUES ('Africa/Bangui');
INSERT INTO `timezoneTranslation` (`timezoneId`, `langId`, `timezoneName`) VALUES ('Africa/Bangui', 'en', 'Western African Time');
INSERT INTO `timezoneTranslation` (`timezoneId`, `langId`, `timezoneName`) VALUES ('Africa/Bangui', 'ar', 'توقيت غرب افريقيا');
INSERT INTO `timezone` (`timezoneId`) VALUES ('Africa/Banjul');
INSERT INTO `timezoneTranslation` (`timezoneId`, `langId`, `timezoneName`) VALUES ('Africa/Banjul', 'en', 'Greenwich Mean Time');
INSERT INTO `timezoneTranslation` (`timezoneId`, `langId`, `timezoneName`) VALUES ('Africa/Banjul', 'ar', 'توقيت غرينيتش');
INSERT INTO `timezone` (`timezoneId`) VALUES ('Africa/Bissau');
INSERT INTO `timezoneTranslation` (`timezoneId`, `langId`, `timezoneName`) VALUES ('Africa/Bissau', 'en', 'Greenwich Mean Time');
INSERT INTO `timezoneTranslation` (`timezoneId`, `langId`, `timezoneName`) VALUES ('Africa/Bissau', 'ar', 'توقيت غرينيتش');
INSERT INTO `timezone` (`timezoneId`) VALUES ('Africa/Blantyre');
INSERT INTO `timezoneTranslation` (`timezoneId`, `langId`, `timezoneName`) VALUES ('Africa/Blantyre', 'en', 'Central African Time');
INSERT INTO `timezoneTranslation` (`timezoneId`, `langId`, `timezoneName`) VALUES ('Africa/Blantyre', 'ar', 'توقيت وسط إفريقيا');
INSERT INTO `timezone` (`timezoneId`) VALUES ('Africa/Brazzaville');
INSERT INTO `timezoneTranslation` (`timezoneId`, `langId`, `timezoneName`) VALUES ('Africa/Brazzaville', 'en', 'Western African Time');
INSERT INTO `timezoneTranslation` (`timezoneId`, `langId`, `timezoneName`) VALUES ('Africa/Brazzaville', 'ar', 'توقيت غرب افريقيا');
INSERT INTO `timezone` (`timezoneId`) VALUES ('Africa/Bujumbura');
INSERT INTO `timezoneTranslation` (`timezoneId`, `langId`, `timezoneName`) VALUES ('Africa/Bujumbura', 'en', 'Central African Time');
INSERT INTO `timezoneTranslation` (`timezoneId`, `langId`, `timezoneName`) VALUES ('Africa/Bujumbura', 'ar', 'توقيت وسط إفريقيا');
INSERT INTO `timezone` (`timezoneId`) VALUES ('Africa/Cairo');
INSERT INTO `timezoneTranslation` (`timezoneId`, `langId`, `timezoneName`) VALUES ('Africa/Cairo', 'en', 'Eastern European Time');
INSERT INTO `timezoneTranslation` (`timezoneId`, `langId`, `timezoneName`) VALUES ('Africa/Cairo', 'ar', 'توقيت شرق أوروبا');
INSERT INTO `timezone` (`timezoneId`) VALUES ('Africa/Casablanca');
INSERT INTO `timezoneTranslation` (`timezoneId`, `langId`, `timezoneName`) VALUES ('Africa/Casablanca', 'en', 'Western European Time');
INSERT INTO `timezoneTranslation` (`timezoneId`, `langId`, `timezoneName`) VALUES ('Africa/Casablanca', 'ar', 'توقيت غرب أوروبا');
INSERT INTO `timezone` (`timezoneId`) VALUES ('Africa/Ceuta');
INSERT INTO `timezoneTranslation` (`timezoneId`, `langId`, `timezoneName`) VALUES ('Africa/Ceuta', 'en', 'Central European Time');
INSERT INTO `timezoneTranslation` (`timezoneId`, `langId`, `timezoneName`) VALUES ('Africa/Ceuta', 'ar', 'توقيت وسط أوروبا');
INSERT INTO `timezone` (`timezoneId`) VALUES ('Africa/Conakry');
INSERT INTO `timezoneTranslation` (`timezoneId`, `langId`, `timezoneName`) VALUES ('Africa/Conakry', 'en', 'Greenwich Mean Time');
INSERT INTO `timezoneTranslation` (`timezoneId`, `langId`, `timezoneName`) VALUES ('Africa/Conakry', 'ar', 'توقيت غرينيتش');
INSERT INTO `timezone` (`timezoneId`) VALUES ('Africa/Dakar');
INSERT INTO `timezoneTranslation` (`timezoneId`, `langId`, `timezoneName`) VALUES ('Africa/Dakar', 'en', 'Greenwich Mean Time');
INSERT INTO `timezoneTranslation` (`timezoneId`, `langId`, `timezoneName`) VALUES ('Africa/Dakar', 'ar', 'توقيت غرينيتش');
INSERT INTO `timezone` (`timezoneId`) VALUES ('Africa/Dar_es_Salaam');
INSERT INTO `timezoneTranslation` (`timezoneId`, `langId`, `timezoneName`) VALUES ('Africa/Dar_es_Salaam', 'en', 'Eastern African Time');
INSERT INTO `timezoneTranslation` (`timezoneId`, `langId`, `timezoneName`) VALUES ('Africa/Dar_es_Salaam', 'ar', 'توقيت شرق إفريقيا');
INSERT INTO `timezone` (`timezoneId`) VALUES ('Africa/Djibouti');
INSERT INTO `timezoneTranslation` (`timezoneId`, `langId`, `timezoneName`) VALUES ('Africa/Djibouti', 'en', 'Eastern African Time');
INSERT INTO `timezoneTranslation` (`timezoneId`, `langId`, `timezoneName`) VALUES ('Africa/Djibouti', 'ar', 'توقيت شرق إفريقيا');
INSERT INTO `timezone` (`timezoneId`) VALUES ('Africa/Douala');
INSERT INTO `timezoneTranslation` (`timezoneId`, `langId`, `timezoneName`) VALUES ('Africa/Douala', 'en', 'Western African Time');
INSERT INTO `timezoneTranslation` (`timezoneId`, `langId`, `timezoneName`) VALUES ('Africa/Douala', 'ar', 'توقيت غرب افريقيا');
INSERT INTO `timezone` (`timezoneId`) VALUES ('Africa/El_Aaiun');
INSERT INTO `timezoneTranslation` (`timezoneId`, `langId`, `timezoneName`) VALUES ('Africa/El_Aaiun', 'en', 'Western European Time');
INSERT INTO `timezoneTranslation` (`timezoneId`, `langId`, `timezoneName`) VALUES ('Africa/El_Aaiun', 'ar', 'توقيت غرب أوروبا');
INSERT INTO `timezone` (`timezoneId`) VALUES ('Africa/Freetown');
INSERT INTO `timezoneTranslation` (`timezoneId`, `langId`, `timezoneName`) VALUES ('Africa/Freetown', 'en', 'Greenwich Mean Time');
INSERT INTO `timezoneTranslation` (`timezoneId`, `langId`, `timezoneName`) VALUES ('Africa/Freetown', 'ar', 'توقيت غرينيتش');
INSERT INTO `timezone` (`timezoneId`) VALUES ('Africa/Gaborone');
INSERT INTO `timezoneTranslation` (`timezoneId`, `langId`, `timezoneName`) VALUES ('Africa/Gaborone', 'en', 'Central African Time');
INSERT INTO `timezoneTranslation` (`timezoneId`, `langId`, `timezoneName`) VALUES ('Africa/Gaborone', 'ar', 'توقيت وسط إفريقيا');
INSERT INTO `timezone` (`timezoneId`) VALUES ('Africa/Harare');
INSERT INTO `timezoneTranslation` (`timezoneId`, `langId`, `timezoneName`) VALUES ('Africa/Harare', 'en', 'Central African Time');
INSERT INTO `timezoneTranslation` (`timezoneId`, `langId`, `timezoneName`) VALUES ('Africa/Harare', 'ar', 'توقيت وسط إفريقيا');
INSERT INTO `timezone` (`timezoneId`) VALUES ('Africa/Johannesburg');
INSERT INTO `timezoneTranslation` (`timezoneId`, `langId`, `timezoneName`) VALUES ('Africa/Johannesburg', 'en', 'South Africa Standard Time');
INSERT INTO `timezoneTranslation` (`timezoneId`, `langId`, `timezoneName`) VALUES ('Africa/Johannesburg', 'ar', 'جنوب أفريقيا الرسمي');
INSERT INTO `timezone` (`timezoneId`) VALUES ('Africa/Juba');
INSERT INTO `timezoneTranslation` (`timezoneId`, `langId`, `timezoneName`) VALUES ('Africa/Juba', 'en', 'Eastern African Time');
INSERT INTO `timezoneTranslation` (`timezoneId`, `langId`, `timezoneName`) VALUES ('Africa/Juba', 'ar', 'توقيت شرق إفريقيا');
INSERT INTO `timezone` (`timezoneId`) VALUES ('Africa/Kampala');
INSERT INTO `timezoneTranslation` (`timezoneId`, `langId`, `timezoneName`) VALUES ('Africa/Kampala', 'en', 'Eastern African Time');
INSERT INTO `timezoneTranslation` (`timezoneId`, `langId`, `timezoneName`) VALUES ('Africa/Kampala', 'ar', 'توقيت شرق إفريقيا');
INSERT INTO `timezone` (`timezoneId`) VALUES ('Africa/Khartoum');
INSERT INTO `timezoneTranslation` (`timezoneId`, `langId`, `timezoneName`) VALUES ('Africa/Khartoum', 'en', 'Eastern African Time');
INSERT INTO `timezoneTranslation` (`timezoneId`, `langId`, `timezoneName`) VALUES ('Africa/Khartoum', 'ar', 'توقيت شرق إفريقيا');
INSERT INTO `timezone` (`timezoneId`) VALUES ('Africa/Kigali');
INSERT INTO `timezoneTranslation` (`timezoneId`, `langId`, `timezoneName`) VALUES ('Africa/Kigali', 'en', 'Central African Time');
INSERT INTO `timezoneTranslation` (`timezoneId`, `langId`, `timezoneName`) VALUES ('Africa/Kigali', 'ar', 'توقيت وسط إفريقيا');
INSERT INTO `timezone` (`timezoneId`) VALUES ('Africa/Kinshasa');
INSERT INTO `timezoneTranslation` (`timezoneId`, `langId`, `timezoneName`) VALUES ('Africa/Kinshasa', 'en', 'Western African Time');
INSERT INTO `timezoneTranslation` (`timezoneId`, `langId`, `timezoneName`) VALUES ('Africa/Kinshasa', 'ar', 'توقيت غرب افريقيا');
INSERT INTO `timezone` (`timezoneId`) VALUES ('Africa/Lagos');
INSERT INTO `timezoneTranslation` (`timezoneId`, `langId`, `timezoneName`) VALUES ('Africa/Lagos', 'en', 'Western African Time');
INSERT INTO `timezoneTranslation` (`timezoneId`, `langId`, `timezoneName`) VALUES ('Africa/Lagos', 'ar', 'توقيت غرب افريقيا');
INSERT INTO `timezone` (`timezoneId`) VALUES ('Africa/Libreville');
INSERT INTO `timezoneTranslation` (`timezoneId`, `langId`, `timezoneName`) VALUES ('Africa/Libreville', 'en', 'Western African Time');
INSERT INTO `timezoneTranslation` (`timezoneId`, `langId`, `timezoneName`) VALUES ('Africa/Libreville', 'ar', 'توقيت غرب افريقيا');
INSERT INTO `timezone` (`timezoneId`) VALUES ('Africa/Lome');
INSERT INTO `timezoneTranslation` (`timezoneId`, `langId`, `timezoneName`) VALUES ('Africa/Lome', 'en', 'Greenwich Mean Time');
INSERT INTO `timezoneTranslation` (`timezoneId`, `langId`, `timezoneName`) VALUES ('Africa/Lome', 'ar', 'توقيت غرينيتش');
INSERT INTO `timezone` (`timezoneId`) VALUES ('Africa/Luanda');
INSERT INTO `timezoneTranslation` (`timezoneId`, `langId`, `timezoneName`) VALUES ('Africa/Luanda', 'en', 'Western African Time');
INSERT INTO `timezoneTranslation` (`timezoneId`, `langId`, `timezoneName`) VALUES ('Africa/Luanda', 'ar', 'توقيت غرب افريقيا');
INSERT INTO `timezone` (`timezoneId`) VALUES ('Africa/Lubumbashi');
INSERT INTO `timezoneTranslation` (`timezoneId`, `langId`, `timezoneName`) VALUES ('Africa/Lubumbashi', 'en', 'Central African Time');
INSERT INTO `timezoneTranslation` (`timezoneId`, `langId`, `timezoneName`) VALUES ('Africa/Lubumbashi', 'ar', 'توقيت وسط إفريقيا');
INSERT INTO `timezone` (`timezoneId`) VALUES ('Africa/Lusaka');
INSERT INTO `timezoneTranslation` (`timezoneId`, `langId`, `timezoneName`) VALUES ('Africa/Lusaka', 'en', 'Central African Time');
INSERT INTO `timezoneTranslation` (`timezoneId`, `langId`, `timezoneName`) VALUES ('Africa/Lusaka', 'ar', 'توقيت وسط إفريقيا');
INSERT INTO `timezone` (`timezoneId`) VALUES ('Africa/Malabo');
INSERT INTO `timezoneTranslation` (`timezoneId`, `langId`, `timezoneName`) VALUES ('Africa/Malabo', 'en', 'Western African Time');
INSERT INTO `timezoneTranslation` (`timezoneId`, `langId`, `timezoneName`) VALUES ('Africa/Malabo', 'ar', 'توقيت غرب افريقيا');
INSERT INTO `timezone` (`timezoneId`) VALUES ('Africa/Maputo');
INSERT INTO `timezoneTranslation` (`timezoneId`, `langId`, `timezoneName`) VALUES ('Africa/Maputo', 'en', 'Central African Time');
INSERT INTO `timezoneTranslation` (`timezoneId`, `langId`, `timezoneName`) VALUES ('Africa/Maputo', 'ar', 'توقيت وسط إفريقيا');
INSERT INTO `timezone` (`timezoneId`) VALUES ('Africa/Maseru');
INSERT INTO `timezoneTranslation` (`timezoneId`, `langId`, `timezoneName`) VALUES ('Africa/Maseru', 'en', 'South Africa Standard Time');
INSERT INTO `timezoneTranslation` (`timezoneId`, `langId`, `timezoneName`) VALUES ('Africa/Maseru', 'ar', 'جنوب أفريقيا الرسمي');
INSERT INTO `timezone` (`timezoneId`) VALUES ('Africa/Mbabane');
INSERT INTO `timezoneTranslation` (`timezoneId`, `langId`, `timezoneName`) VALUES ('Africa/Mbabane', 'en', 'South Africa Standard Time');
INSERT INTO `timezoneTranslation` (`timezoneId`, `langId`, `timezoneName`) VALUES ('Africa/Mbabane', 'ar', 'جنوب أفريقيا الرسمي');
INSERT INTO `timezone` (`timezoneId`) VALUES ('Africa/Mogadishu');
INSERT INTO `timezoneTranslation` (`timezoneId`, `langId`, `timezoneName`) VALUES ('Africa/Mogadishu', 'en', 'Eastern African Time');
INSERT INTO `timezoneTranslation` (`timezoneId`, `langId`, `timezoneName`) VALUES ('Africa/Mogadishu', 'ar', 'توقيت شرق إفريقيا');
INSERT INTO `timezone` (`timezoneId`) VALUES ('Africa/Monrovia');
INSERT INTO `timezoneTranslation` (`timezoneId`, `langId`, `timezoneName`) VALUES ('Africa/Monrovia', 'en', 'Greenwich Mean Time');
INSERT INTO `timezoneTranslation` (`timezoneId`, `langId`, `timezoneName`) VALUES ('Africa/Monrovia', 'ar', 'توقيت غرينيتش');
INSERT INTO `timezone` (`timezoneId`) VALUES ('Africa/Nairobi');
INSERT INTO `timezoneTranslation` (`timezoneId`, `langId`, `timezoneName`) VALUES ('Africa/Nairobi', 'en', 'Eastern African Time');
INSERT INTO `timezoneTranslation` (`timezoneId`, `langId`, `timezoneName`) VALUES ('Africa/Nairobi', 'ar', 'توقيت شرق إفريقيا');
INSERT INTO `timezone` (`timezoneId`) VALUES ('Africa/Ndjamena');
INSERT INTO `timezoneTranslation` (`timezoneId`, `langId`, `timezoneName`) VALUES ('Africa/Ndjamena', 'en', 'Western African Time');
INSERT INTO `timezoneTranslation` (`timezoneId`, `langId`, `timezoneName`) VALUES ('Africa/Ndjamena', 'ar', 'توقيت غرب افريقيا');
INSERT INTO `timezone` (`timezoneId`) VALUES ('Africa/Niamey');
INSERT INTO `timezoneTranslation` (`timezoneId`, `langId`, `timezoneName`) VALUES ('Africa/Niamey', 'en', 'Western African Time');
INSERT INTO `timezoneTranslation` (`timezoneId`, `langId`, `timezoneName`) VALUES ('Africa/Niamey', 'ar', 'توقيت غرب افريقيا');
INSERT INTO `timezone` (`timezoneId`) VALUES ('Africa/Nouakchott');
INSERT INTO `timezoneTranslation` (`timezoneId`, `langId`, `timezoneName`) VALUES ('Africa/Nouakchott', 'en', 'Greenwich Mean Time');
INSERT INTO `timezoneTranslation` (`timezoneId`, `langId`, `timezoneName`) VALUES ('Africa/Nouakchott', 'ar', 'توقيت غرينيتش');
INSERT INTO `timezone` (`timezoneId`) VALUES ('Africa/Ouagadougou');
INSERT INTO `timezoneTranslation` (`timezoneId`, `langId`, `timezoneName`) VALUES ('Africa/Ouagadougou', 'en', 'Greenwich Mean Time');
INSERT INTO `timezoneTranslation` (`timezoneId`, `langId`, `timezoneName`) VALUES ('Africa/Ouagadougou', 'ar', 'توقيت غرينيتش');
INSERT INTO `timezone` (`timezoneId`) VALUES ('Africa/Porto-Novo');
INSERT INTO `timezoneTranslation` (`timezoneId`, `langId`, `timezoneName`) VALUES ('Africa/Porto-Novo', 'en', 'Western African Time');
INSERT INTO `timezoneTranslation` (`timezoneId`, `langId`, `timezoneName`) VALUES ('Africa/Porto-Novo', 'ar', 'توقيت غرب افريقيا');
INSERT INTO `timezone` (`timezoneId`) VALUES ('Africa/Sao_Tome');
INSERT INTO `timezoneTranslation` (`timezoneId`, `langId`, `timezoneName`) VALUES ('Africa/Sao_Tome', 'en', 'Greenwich Mean Time');
INSERT INTO `timezoneTranslation` (`timezoneId`, `langId`, `timezoneName`) VALUES ('Africa/Sao_Tome', 'ar', 'توقيت غرينيتش');
INSERT INTO `timezone` (`timezoneId`) VALUES ('Africa/Timbuktu');
INSERT INTO `timezoneTranslation` (`timezoneId`, `langId`, `timezoneName`) VALUES ('Africa/Timbuktu', 'en', 'Greenwich Mean Time');
INSERT INTO `timezoneTranslation` (`timezoneId`, `langId`, `timezoneName`) VALUES ('Africa/Timbuktu', 'ar', 'توقيت غرينيتش');
INSERT INTO `timezone` (`timezoneId`) VALUES ('Africa/Tripoli');
INSERT INTO `timezoneTranslation` (`timezoneId`, `langId`, `timezoneName`) VALUES ('Africa/Tripoli', 'en', 'Eastern European Time');
INSERT INTO `timezoneTranslation` (`timezoneId`, `langId`, `timezoneName`) VALUES ('Africa/Tripoli', 'ar', 'توقيت شرق أوروبا');
INSERT INTO `timezone` (`timezoneId`) VALUES ('Africa/Tunis');
INSERT INTO `timezoneTranslation` (`timezoneId`, `langId`, `timezoneName`) VALUES ('Africa/Tunis', 'en', 'Central European Time');
INSERT INTO `timezoneTranslation` (`timezoneId`, `langId`, `timezoneName`) VALUES ('Africa/Tunis', 'ar', 'توقيت وسط أوروبا');
INSERT INTO `timezone` (`timezoneId`) VALUES ('Africa/Windhoek');
INSERT INTO `timezoneTranslation` (`timezoneId`, `langId`, `timezoneName`) VALUES ('Africa/Windhoek', 'en', 'Western African Time');
INSERT INTO `timezoneTranslation` (`timezoneId`, `langId`, `timezoneName`) VALUES ('Africa/Windhoek', 'ar', 'توقيت غرب افريقيا');
INSERT INTO `timezone` (`timezoneId`) VALUES ('America/Adak');
INSERT INTO `timezoneTranslation` (`timezoneId`, `langId`, `timezoneName`) VALUES ('America/Adak', 'en', 'Hawaii Standard Time');
INSERT INTO `timezoneTranslation` (`timezoneId`, `langId`, `timezoneName`) VALUES ('America/Adak', 'ar', 'هاواي التوقيت الرسمي');
INSERT INTO `timezone` (`timezoneId`) VALUES ('America/Anchorage');
INSERT INTO `timezoneTranslation` (`timezoneId`, `langId`, `timezoneName`) VALUES ('America/Anchorage', 'en', 'Alaska Standard Time');
INSERT INTO `timezoneTranslation` (`timezoneId`, `langId`, `timezoneName`) VALUES ('America/Anchorage', 'ar', 'توقيت ألاسكا الرسمي');
INSERT INTO `timezone` (`timezoneId`) VALUES ('America/Anguilla');
INSERT INTO `timezoneTranslation` (`timezoneId`, `langId`, `timezoneName`) VALUES ('America/Anguilla', 'en', 'Atlantic Standard Time');
INSERT INTO `timezoneTranslation` (`timezoneId`, `langId`, `timezoneName`) VALUES ('America/Anguilla', 'ar', 'توقيت المحيط الأطلسي');
INSERT INTO `timezone` (`timezoneId`) VALUES ('America/Antigua');
INSERT INTO `timezoneTranslation` (`timezoneId`, `langId`, `timezoneName`) VALUES ('America/Antigua', 'en', 'Atlantic Standard Time');
INSERT INTO `timezoneTranslation` (`timezoneId`, `langId`, `timezoneName`) VALUES ('America/Antigua', 'ar', 'توقيت المحيط الأطلسي');
INSERT INTO `timezone` (`timezoneId`) VALUES ('America/Araguaina');
INSERT INTO `timezoneTranslation` (`timezoneId`, `langId`, `timezoneName`) VALUES ('America/Araguaina', 'en', 'Brasilia Time');
INSERT INTO `timezoneTranslation` (`timezoneId`, `langId`, `timezoneName`) VALUES ('America/Araguaina', 'ar', 'توقيت برازيليا');
INSERT INTO `timezone` (`timezoneId`) VALUES ('America/Argentina/Buenos_Aires');
INSERT INTO `timezoneTranslation` (`timezoneId`, `langId`, `timezoneName`) VALUES ('America/Argentina/Buenos_Aires', 'en', 'Argentine Time');
INSERT INTO `timezoneTranslation` (`timezoneId`, `langId`, `timezoneName`) VALUES ('America/Argentina/Buenos_Aires', 'ar', 'توقيت الأرجنتين');
INSERT INTO `timezone` (`timezoneId`) VALUES ('America/Argentina/Catamarca');
INSERT INTO `timezoneTranslation` (`timezoneId`, `langId`, `timezoneName`) VALUES ('America/Argentina/Catamarca', 'en', 'Argentine Time');
INSERT INTO `timezoneTranslation` (`timezoneId`, `langId`, `timezoneName`) VALUES ('America/Argentina/Catamarca', 'ar', 'توقيت الأرجنتين');
INSERT INTO `timezone` (`timezoneId`) VALUES ('America/Argentina/ComodRivadavia');
INSERT INTO `timezoneTranslation` (`timezoneId`, `langId`, `timezoneName`) VALUES ('America/Argentina/ComodRivadavia', 'en', 'Argentine Time');
INSERT INTO `timezoneTranslation` (`timezoneId`, `langId`, `timezoneName`) VALUES ('America/Argentina/ComodRivadavia', 'ar', 'توقيت الأرجنتين');
INSERT INTO `timezone` (`timezoneId`) VALUES ('America/Argentina/Cordoba');
INSERT INTO `timezoneTranslation` (`timezoneId`, `langId`, `timezoneName`) VALUES ('America/Argentina/Cordoba', 'en', 'Argentine Time');
INSERT INTO `timezoneTranslation` (`timezoneId`, `langId`, `timezoneName`) VALUES ('America/Argentina/Cordoba', 'ar', 'توقيت الأرجنتين');
INSERT INTO `timezone` (`timezoneId`) VALUES ('America/Argentina/Jujuy');
INSERT INTO `timezoneTranslation` (`timezoneId`, `langId`, `timezoneName`) VALUES ('America/Argentina/Jujuy', 'en', 'Argentine Time');
INSERT INTO `timezoneTranslation` (`timezoneId`, `langId`, `timezoneName`) VALUES ('America/Argentina/Jujuy', 'ar', 'توقيت الأرجنتين');
INSERT INTO `timezone` (`timezoneId`) VALUES ('America/Argentina/La_Rioja');
INSERT INTO `timezoneTranslation` (`timezoneId`, `langId`, `timezoneName`) VALUES ('America/Argentina/La_Rioja', 'en', 'Argentine Time');
INSERT INTO `timezoneTranslation` (`timezoneId`, `langId`, `timezoneName`) VALUES ('America/Argentina/La_Rioja', 'ar', 'توقيت الأرجنتين');
INSERT INTO `timezone` (`timezoneId`) VALUES ('America/Argentina/Mendoza');
INSERT INTO `timezoneTranslation` (`timezoneId`, `langId`, `timezoneName`) VALUES ('America/Argentina/Mendoza', 'en', 'Argentine Time');
INSERT INTO `timezoneTranslation` (`timezoneId`, `langId`, `timezoneName`) VALUES ('America/Argentina/Mendoza', 'ar', 'توقيت الأرجنتين');
INSERT INTO `timezone` (`timezoneId`) VALUES ('America/Argentina/Rio_Gallegos');
INSERT INTO `timezoneTranslation` (`timezoneId`, `langId`, `timezoneName`) VALUES ('America/Argentina/Rio_Gallegos', 'en', 'Argentine Time');
INSERT INTO `timezoneTranslation` (`timezoneId`, `langId`, `timezoneName`) VALUES ('America/Argentina/Rio_Gallegos', 'ar', 'توقيت الأرجنتين');
INSERT INTO `timezone` (`timezoneId`) VALUES ('America/Argentina/Salta');
INSERT INTO `timezoneTranslation` (`timezoneId`, `langId`, `timezoneName`) VALUES ('America/Argentina/Salta', 'en', 'Argentine Time');
INSERT INTO `timezoneTranslation` (`timezoneId`, `langId`, `timezoneName`) VALUES ('America/Argentina/Salta', 'ar', 'توقيت الأرجنتين');
INSERT INTO `timezone` (`timezoneId`) VALUES ('America/Argentina/San_Juan');
INSERT INTO `timezoneTranslation` (`timezoneId`, `langId`, `timezoneName`) VALUES ('America/Argentina/San_Juan', 'en', 'Argentine Time');
INSERT INTO `timezoneTranslation` (`timezoneId`, `langId`, `timezoneName`) VALUES ('America/Argentina/San_Juan', 'ar', 'توقيت الأرجنتين');
INSERT INTO `timezone` (`timezoneId`) VALUES ('America/Argentina/San_Luis');
INSERT INTO `timezoneTranslation` (`timezoneId`, `langId`, `timezoneName`) VALUES ('America/Argentina/San_Luis', 'en', 'Argentine Time');
INSERT INTO `timezoneTranslation` (`timezoneId`, `langId`, `timezoneName`) VALUES ('America/Argentina/San_Luis', 'ar', 'توقيت الأرجنتين');
INSERT INTO `timezone` (`timezoneId`) VALUES ('America/Argentina/Tucuman');
INSERT INTO `timezoneTranslation` (`timezoneId`, `langId`, `timezoneName`) VALUES ('America/Argentina/Tucuman', 'en', 'Argentine Time');
INSERT INTO `timezoneTranslation` (`timezoneId`, `langId`, `timezoneName`) VALUES ('America/Argentina/Tucuman', 'ar', 'توقيت الأرجنتين');
INSERT INTO `timezone` (`timezoneId`) VALUES ('America/Argentina/Ushuaia');
INSERT INTO `timezoneTranslation` (`timezoneId`, `langId`, `timezoneName`) VALUES ('America/Argentina/Ushuaia', 'en', 'Argentine Time');
INSERT INTO `timezoneTranslation` (`timezoneId`, `langId`, `timezoneName`) VALUES ('America/Argentina/Ushuaia', 'ar', 'توقيت الأرجنتين');
INSERT INTO `timezone` (`timezoneId`) VALUES ('America/Aruba');
INSERT INTO `timezoneTranslation` (`timezoneId`, `langId`, `timezoneName`) VALUES ('America/Aruba', 'en', 'Atlantic Standard Time');
INSERT INTO `timezoneTranslation` (`timezoneId`, `langId`, `timezoneName`) VALUES ('America/Aruba', 'ar', 'توقيت المحيط الأطلسي');
INSERT INTO `timezone` (`timezoneId`) VALUES ('America/Asuncion');
INSERT INTO `timezoneTranslation` (`timezoneId`, `langId`, `timezoneName`) VALUES ('America/Asuncion', 'en', 'Paraguay Time');
INSERT INTO `timezoneTranslation` (`timezoneId`, `langId`, `timezoneName`) VALUES ('America/Asuncion', 'ar', 'توقيت باراجواي');
INSERT INTO `timezone` (`timezoneId`) VALUES ('America/Atikokan');
INSERT INTO `timezoneTranslation` (`timezoneId`, `langId`, `timezoneName`) VALUES ('America/Atikokan', 'en', 'Eastern Standard Time');
INSERT INTO `timezoneTranslation` (`timezoneId`, `langId`, `timezoneName`) VALUES ('America/Atikokan', 'ar', 'التوقيت الشرقي');
INSERT INTO `timezone` (`timezoneId`) VALUES ('America/Atka');
INSERT INTO `timezoneTranslation` (`timezoneId`, `langId`, `timezoneName`) VALUES ('America/Atka', 'en', 'Hawaii Standard Time');
INSERT INTO `timezoneTranslation` (`timezoneId`, `langId`, `timezoneName`) VALUES ('America/Atka', 'ar', 'هاواي التوقيت الرسمي');
INSERT INTO `timezone` (`timezoneId`) VALUES ('America/Bahia');
INSERT INTO `timezoneTranslation` (`timezoneId`, `langId`, `timezoneName`) VALUES ('America/Bahia', 'en', 'Brasilia Time');
INSERT INTO `timezoneTranslation` (`timezoneId`, `langId`, `timezoneName`) VALUES ('America/Bahia', 'ar', 'توقيت برازيليا');
INSERT INTO `timezone` (`timezoneId`) VALUES ('America/Bahia_Banderas');
INSERT INTO `timezoneTranslation` (`timezoneId`, `langId`, `timezoneName`) VALUES ('America/Bahia_Banderas', 'en', 'Central Standard Time');
INSERT INTO `timezoneTranslation` (`timezoneId`, `langId`, `timezoneName`) VALUES ('America/Bahia_Banderas', 'ar', 'الوقت القياسي المركزي');
INSERT INTO `timezone` (`timezoneId`) VALUES ('America/Barbados');
INSERT INTO `timezoneTranslation` (`timezoneId`, `langId`, `timezoneName`) VALUES ('America/Barbados', 'en', 'Atlantic Standard Time');
INSERT INTO `timezoneTranslation` (`timezoneId`, `langId`, `timezoneName`) VALUES ('America/Barbados', 'ar', 'توقيت المحيط الأطلسي');
INSERT INTO `timezone` (`timezoneId`) VALUES ('America/Belem');
INSERT INTO `timezoneTranslation` (`timezoneId`, `langId`, `timezoneName`) VALUES ('America/Belem', 'en', 'Brasilia Time');
INSERT INTO `timezoneTranslation` (`timezoneId`, `langId`, `timezoneName`) VALUES ('America/Belem', 'ar', 'توقيت برازيليا');
INSERT INTO `timezone` (`timezoneId`) VALUES ('America/Belize');
INSERT INTO `timezoneTranslation` (`timezoneId`, `langId`, `timezoneName`) VALUES ('America/Belize', 'en', 'Central Standard Time');
INSERT INTO `timezoneTranslation` (`timezoneId`, `langId`, `timezoneName`) VALUES ('America/Belize', 'ar', 'الوقت القياسي المركزي');
INSERT INTO `timezone` (`timezoneId`) VALUES ('America/Blanc-Sablon');
INSERT INTO `timezoneTranslation` (`timezoneId`, `langId`, `timezoneName`) VALUES ('America/Blanc-Sablon', 'en', 'Atlantic Standard Time');
INSERT INTO `timezoneTranslation` (`timezoneId`, `langId`, `timezoneName`) VALUES ('America/Blanc-Sablon', 'ar', 'توقيت المحيط الأطلسي');
INSERT INTO `timezone` (`timezoneId`) VALUES ('America/Boa_Vista');
INSERT INTO `timezoneTranslation` (`timezoneId`, `langId`, `timezoneName`) VALUES ('America/Boa_Vista', 'en', 'Amazon Time');
INSERT INTO `timezoneTranslation` (`timezoneId`, `langId`, `timezoneName`) VALUES ('America/Boa_Vista', 'ar', 'توقيت الأمازون');
INSERT INTO `timezone` (`timezoneId`) VALUES ('America/Bogota');
INSERT INTO `timezoneTranslation` (`timezoneId`, `langId`, `timezoneName`) VALUES ('America/Bogota', 'en', 'Colombia Time');
INSERT INTO `timezoneTranslation` (`timezoneId`, `langId`, `timezoneName`) VALUES ('America/Bogota', 'ar', 'توقيت كولومبيا');
INSERT INTO `timezone` (`timezoneId`) VALUES ('America/Boise');
INSERT INTO `timezoneTranslation` (`timezoneId`, `langId`, `timezoneName`) VALUES ('America/Boise', 'en', 'Mountain Standard Time');
INSERT INTO `timezoneTranslation` (`timezoneId`, `langId`, `timezoneName`) VALUES ('America/Boise', 'ar', 'التوقيت الجبلي القياسي');
INSERT INTO `timezone` (`timezoneId`) VALUES ('America/Buenos_Aires');
INSERT INTO `timezoneTranslation` (`timezoneId`, `langId`, `timezoneName`) VALUES ('America/Buenos_Aires', 'en', 'Argentine Time');
INSERT INTO `timezoneTranslation` (`timezoneId`, `langId`, `timezoneName`) VALUES ('America/Buenos_Aires', 'ar', 'توقيت الأرجنتين');
INSERT INTO `timezone` (`timezoneId`) VALUES ('America/Cambridge_Bay');
INSERT INTO `timezoneTranslation` (`timezoneId`, `langId`, `timezoneName`) VALUES ('America/Cambridge_Bay', 'en', 'Mountain Standard Time');
INSERT INTO `timezoneTranslation` (`timezoneId`, `langId`, `timezoneName`) VALUES ('America/Cambridge_Bay', 'ar', 'التوقيت الجبلي القياسي');
INSERT INTO `timezone` (`timezoneId`) VALUES ('America/Campo_Grande');
INSERT INTO `timezoneTranslation` (`timezoneId`, `langId`, `timezoneName`) VALUES ('America/Campo_Grande', 'en', 'Amazon Time');
INSERT INTO `timezoneTranslation` (`timezoneId`, `langId`, `timezoneName`) VALUES ('America/Campo_Grande', 'ar', 'توقيت الأمازون');
INSERT INTO `timezone` (`timezoneId`) VALUES ('America/Cancun');
INSERT INTO `timezoneTranslation` (`timezoneId`, `langId`, `timezoneName`) VALUES ('America/Cancun', 'en', 'Eastern Standard Time');
INSERT INTO `timezoneTranslation` (`timezoneId`, `langId`, `timezoneName`) VALUES ('America/Cancun', 'ar', 'التوقيت الشرقي');
INSERT INTO `timezone` (`timezoneId`) VALUES ('America/Caracas');
INSERT INTO `timezoneTranslation` (`timezoneId`, `langId`, `timezoneName`) VALUES ('America/Caracas', 'en', 'Venezuela Time');
INSERT INTO `timezoneTranslation` (`timezoneId`, `langId`, `timezoneName`) VALUES ('America/Caracas', 'ar', 'فنزويلا الوقت');
INSERT INTO `timezone` (`timezoneId`) VALUES ('America/Catamarca');
INSERT INTO `timezoneTranslation` (`timezoneId`, `langId`, `timezoneName`) VALUES ('America/Catamarca', 'en', 'Argentine Time');
INSERT INTO `timezoneTranslation` (`timezoneId`, `langId`, `timezoneName`) VALUES ('America/Catamarca', 'ar', 'توقيت الأرجنتين');
INSERT INTO `timezone` (`timezoneId`) VALUES ('America/Cayenne');
INSERT INTO `timezoneTranslation` (`timezoneId`, `langId`, `timezoneName`) VALUES ('America/Cayenne', 'en', 'French Guiana Time');
INSERT INTO `timezoneTranslation` (`timezoneId`, `langId`, `timezoneName`) VALUES ('America/Cayenne', 'ar', 'توقيت غيانا الفرنسي');
INSERT INTO `timezone` (`timezoneId`) VALUES ('America/Cayman');
INSERT INTO `timezoneTranslation` (`timezoneId`, `langId`, `timezoneName`) VALUES ('America/Cayman', 'en', 'Eastern Standard Time');
INSERT INTO `timezoneTranslation` (`timezoneId`, `langId`, `timezoneName`) VALUES ('America/Cayman', 'ar', 'التوقيت الشرقي');
INSERT INTO `timezone` (`timezoneId`) VALUES ('America/Chicago');
INSERT INTO `timezoneTranslation` (`timezoneId`, `langId`, `timezoneName`) VALUES ('America/Chicago', 'en', 'Central Standard Time');
INSERT INTO `timezoneTranslation` (`timezoneId`, `langId`, `timezoneName`) VALUES ('America/Chicago', 'ar', 'الوقت القياسي المركزي');
INSERT INTO `timezone` (`timezoneId`) VALUES ('America/Chihuahua');
INSERT INTO `timezoneTranslation` (`timezoneId`, `langId`, `timezoneName`) VALUES ('America/Chihuahua', 'en', 'Mountain Standard Time');
INSERT INTO `timezoneTranslation` (`timezoneId`, `langId`, `timezoneName`) VALUES ('America/Chihuahua', 'ar', 'التوقيت الجبلي القياسي');
INSERT INTO `timezone` (`timezoneId`) VALUES ('America/Coral_Harbour');
INSERT INTO `timezoneTranslation` (`timezoneId`, `langId`, `timezoneName`) VALUES ('America/Coral_Harbour', 'en', 'Eastern Standard Time');
INSERT INTO `timezoneTranslation` (`timezoneId`, `langId`, `timezoneName`) VALUES ('America/Coral_Harbour', 'ar', 'التوقيت الشرقي');
INSERT INTO `timezone` (`timezoneId`) VALUES ('America/Cordoba');
INSERT INTO `timezoneTranslation` (`timezoneId`, `langId`, `timezoneName`) VALUES ('America/Cordoba', 'en', 'Argentine Time');
INSERT INTO `timezoneTranslation` (`timezoneId`, `langId`, `timezoneName`) VALUES ('America/Cordoba', 'ar', 'توقيت الأرجنتين');
INSERT INTO `timezone` (`timezoneId`) VALUES ('America/Costa_Rica');
INSERT INTO `timezoneTranslation` (`timezoneId`, `langId`, `timezoneName`) VALUES ('America/Costa_Rica', 'en', 'Central Standard Time');
INSERT INTO `timezoneTranslation` (`timezoneId`, `langId`, `timezoneName`) VALUES ('America/Costa_Rica', 'ar', 'الوقت القياسي المركزي');
INSERT INTO `timezone` (`timezoneId`) VALUES ('America/Creston');
INSERT INTO `timezoneTranslation` (`timezoneId`, `langId`, `timezoneName`) VALUES ('America/Creston', 'en', 'Mountain Standard Time');
INSERT INTO `timezoneTranslation` (`timezoneId`, `langId`, `timezoneName`) VALUES ('America/Creston', 'ar', 'التوقيت الجبلي القياسي');
INSERT INTO `timezone` (`timezoneId`) VALUES ('America/Cuiaba');
INSERT INTO `timezoneTranslation` (`timezoneId`, `langId`, `timezoneName`) VALUES ('America/Cuiaba', 'en', 'Amazon Time');
INSERT INTO `timezoneTranslation` (`timezoneId`, `langId`, `timezoneName`) VALUES ('America/Cuiaba', 'ar', 'توقيت الأمازون');
INSERT INTO `timezone` (`timezoneId`) VALUES ('America/Curacao');
INSERT INTO `timezoneTranslation` (`timezoneId`, `langId`, `timezoneName`) VALUES ('America/Curacao', 'en', 'Atlantic Standard Time');
INSERT INTO `timezoneTranslation` (`timezoneId`, `langId`, `timezoneName`) VALUES ('America/Curacao', 'ar', 'توقيت المحيط الأطلسي');
INSERT INTO `timezone` (`timezoneId`) VALUES ('America/Danmarkshavn');
INSERT INTO `timezoneTranslation` (`timezoneId`, `langId`, `timezoneName`) VALUES ('America/Danmarkshavn', 'en', 'Greenwich Mean Time');
INSERT INTO `timezoneTranslation` (`timezoneId`, `langId`, `timezoneName`) VALUES ('America/Danmarkshavn', 'ar', 'توقيت غرينيتش');
INSERT INTO `timezone` (`timezoneId`) VALUES ('America/Dawson');
INSERT INTO `timezoneTranslation` (`timezoneId`, `langId`, `timezoneName`) VALUES ('America/Dawson', 'en', 'Pacific Standard Time');
INSERT INTO `timezoneTranslation` (`timezoneId`, `langId`, `timezoneName`) VALUES ('America/Dawson', 'ar', 'الوقت الباسيفيكي القياسي');
INSERT INTO `timezone` (`timezoneId`) VALUES ('America/Dawson_Creek');
INSERT INTO `timezoneTranslation` (`timezoneId`, `langId`, `timezoneName`) VALUES ('America/Dawson_Creek', 'en', 'Mountain Standard Time');
INSERT INTO `timezoneTranslation` (`timezoneId`, `langId`, `timezoneName`) VALUES ('America/Dawson_Creek', 'ar', 'التوقيت الجبلي القياسي');
INSERT INTO `timezone` (`timezoneId`) VALUES ('America/Denver');
INSERT INTO `timezoneTranslation` (`timezoneId`, `langId`, `timezoneName`) VALUES ('America/Denver', 'en', 'Mountain Standard Time');
INSERT INTO `timezoneTranslation` (`timezoneId`, `langId`, `timezoneName`) VALUES ('America/Denver', 'ar', 'التوقيت الجبلي القياسي');
INSERT INTO `timezone` (`timezoneId`) VALUES ('America/Detroit');
INSERT INTO `timezoneTranslation` (`timezoneId`, `langId`, `timezoneName`) VALUES ('America/Detroit', 'en', 'Eastern Standard Time');
INSERT INTO `timezoneTranslation` (`timezoneId`, `langId`, `timezoneName`) VALUES ('America/Detroit', 'ar', 'التوقيت الشرقي');
INSERT INTO `timezone` (`timezoneId`) VALUES ('America/Dominica');
INSERT INTO `timezoneTranslation` (`timezoneId`, `langId`, `timezoneName`) VALUES ('America/Dominica', 'en', 'Atlantic Standard Time');
INSERT INTO `timezoneTranslation` (`timezoneId`, `langId`, `timezoneName`) VALUES ('America/Dominica', 'ar', 'توقيت المحيط الأطلسي');
INSERT INTO `timezone` (`timezoneId`) VALUES ('America/Edmonton');
INSERT INTO `timezoneTranslation` (`timezoneId`, `langId`, `timezoneName`) VALUES ('America/Edmonton', 'en', 'Mountain Standard Time');
INSERT INTO `timezoneTranslation` (`timezoneId`, `langId`, `timezoneName`) VALUES ('America/Edmonton', 'ar', 'التوقيت الجبلي القياسي');
INSERT INTO `timezone` (`timezoneId`) VALUES ('America/Eirunepe');
INSERT INTO `timezoneTranslation` (`timezoneId`, `langId`, `timezoneName`) VALUES ('America/Eirunepe', 'en', 'Acre Time');
INSERT INTO `timezoneTranslation` (`timezoneId`, `langId`, `timezoneName`) VALUES ('America/Eirunepe', 'ar', 'عكا الوقت');
INSERT INTO `timezone` (`timezoneId`) VALUES ('America/El_Salvador');
INSERT INTO `timezoneTranslation` (`timezoneId`, `langId`, `timezoneName`) VALUES ('America/El_Salvador', 'en', 'Central Standard Time');
INSERT INTO `timezoneTranslation` (`timezoneId`, `langId`, `timezoneName`) VALUES ('America/El_Salvador', 'ar', 'الوقت القياسي المركزي');
INSERT INTO `timezone` (`timezoneId`) VALUES ('America/Ensenada');
INSERT INTO `timezoneTranslation` (`timezoneId`, `langId`, `timezoneName`) VALUES ('America/Ensenada', 'en', 'Pacific Standard Time');
INSERT INTO `timezoneTranslation` (`timezoneId`, `langId`, `timezoneName`) VALUES ('America/Ensenada', 'ar', 'الوقت الباسيفيكي القياسي');
INSERT INTO `timezone` (`timezoneId`) VALUES ('America/Fort_Nelson');
INSERT INTO `timezoneTranslation` (`timezoneId`, `langId`, `timezoneName`) VALUES ('America/Fort_Nelson', 'en', 'Mountain Standard Time');
INSERT INTO `timezoneTranslation` (`timezoneId`, `langId`, `timezoneName`) VALUES ('America/Fort_Nelson', 'ar', 'التوقيت الجبلي القياسي');
INSERT INTO `timezone` (`timezoneId`) VALUES ('America/Fort_Wayne');
INSERT INTO `timezoneTranslation` (`timezoneId`, `langId`, `timezoneName`) VALUES ('America/Fort_Wayne', 'en', 'Eastern Standard Time');
INSERT INTO `timezoneTranslation` (`timezoneId`, `langId`, `timezoneName`) VALUES ('America/Fort_Wayne', 'ar', 'التوقيت الشرقي');
INSERT INTO `timezone` (`timezoneId`) VALUES ('America/Fortaleza');
INSERT INTO `timezoneTranslation` (`timezoneId`, `langId`, `timezoneName`) VALUES ('America/Fortaleza', 'en', 'Brasilia Time');
INSERT INTO `timezoneTranslation` (`timezoneId`, `langId`, `timezoneName`) VALUES ('America/Fortaleza', 'ar', 'توقيت برازيليا');
INSERT INTO `timezone` (`timezoneId`) VALUES ('America/Glace_Bay');
INSERT INTO `timezoneTranslation` (`timezoneId`, `langId`, `timezoneName`) VALUES ('America/Glace_Bay', 'en', 'Atlantic Standard Time');
INSERT INTO `timezoneTranslation` (`timezoneId`, `langId`, `timezoneName`) VALUES ('America/Glace_Bay', 'ar', 'توقيت المحيط الأطلسي');
INSERT INTO `timezone` (`timezoneId`) VALUES ('America/Godthab');
INSERT INTO `timezoneTranslation` (`timezoneId`, `langId`, `timezoneName`) VALUES ('America/Godthab', 'en', 'Western Greenland Time');
INSERT INTO `timezoneTranslation` (`timezoneId`, `langId`, `timezoneName`) VALUES ('America/Godthab', 'ar', 'توقيت غرب غرينلاند');
INSERT INTO `timezone` (`timezoneId`) VALUES ('America/Goose_Bay');
INSERT INTO `timezoneTranslation` (`timezoneId`, `langId`, `timezoneName`) VALUES ('America/Goose_Bay', 'en', 'Atlantic Standard Time');
INSERT INTO `timezoneTranslation` (`timezoneId`, `langId`, `timezoneName`) VALUES ('America/Goose_Bay', 'ar', 'توقيت المحيط الأطلسي');
INSERT INTO `timezone` (`timezoneId`) VALUES ('America/Grand_Turk');
INSERT INTO `timezoneTranslation` (`timezoneId`, `langId`, `timezoneName`) VALUES ('America/Grand_Turk', 'en', 'Atlantic Standard Time');
INSERT INTO `timezoneTranslation` (`timezoneId`, `langId`, `timezoneName`) VALUES ('America/Grand_Turk', 'ar', 'توقيت المحيط الأطلسي');
INSERT INTO `timezone` (`timezoneId`) VALUES ('America/Grenada');
INSERT INTO `timezoneTranslation` (`timezoneId`, `langId`, `timezoneName`) VALUES ('America/Grenada', 'en', 'Atlantic Standard Time');
INSERT INTO `timezoneTranslation` (`timezoneId`, `langId`, `timezoneName`) VALUES ('America/Grenada', 'ar', 'توقيت المحيط الأطلسي');
INSERT INTO `timezone` (`timezoneId`) VALUES ('America/Guadeloupe');
INSERT INTO `timezoneTranslation` (`timezoneId`, `langId`, `timezoneName`) VALUES ('America/Guadeloupe', 'en', 'Atlantic Standard Time');
INSERT INTO `timezoneTranslation` (`timezoneId`, `langId`, `timezoneName`) VALUES ('America/Guadeloupe', 'ar', 'توقيت المحيط الأطلسي');
INSERT INTO `timezone` (`timezoneId`) VALUES ('America/Guatemala');
INSERT INTO `timezoneTranslation` (`timezoneId`, `langId`, `timezoneName`) VALUES ('America/Guatemala', 'en', 'Central Standard Time');
INSERT INTO `timezoneTranslation` (`timezoneId`, `langId`, `timezoneName`) VALUES ('America/Guatemala', 'ar', 'الوقت القياسي المركزي');
INSERT INTO `timezone` (`timezoneId`) VALUES ('America/Guayaquil');
INSERT INTO `timezoneTranslation` (`timezoneId`, `langId`, `timezoneName`) VALUES ('America/Guayaquil', 'en', 'Ecuador Time');
INSERT INTO `timezoneTranslation` (`timezoneId`, `langId`, `timezoneName`) VALUES ('America/Guayaquil', 'ar', 'الإكوادور الوقت');
INSERT INTO `timezone` (`timezoneId`) VALUES ('America/Guyana');
INSERT INTO `timezoneTranslation` (`timezoneId`, `langId`, `timezoneName`) VALUES ('America/Guyana', 'en', 'Guyana Time');
INSERT INTO `timezoneTranslation` (`timezoneId`, `langId`, `timezoneName`) VALUES ('America/Guyana', 'ar', 'غيانا الوقت');
INSERT INTO `timezone` (`timezoneId`) VALUES ('America/Halifax');
INSERT INTO `timezoneTranslation` (`timezoneId`, `langId`, `timezoneName`) VALUES ('America/Halifax', 'en', 'Atlantic Standard Time');
INSERT INTO `timezoneTranslation` (`timezoneId`, `langId`, `timezoneName`) VALUES ('America/Halifax', 'ar', 'توقيت المحيط الأطلسي');
INSERT INTO `timezone` (`timezoneId`) VALUES ('America/Havana');
INSERT INTO `timezoneTranslation` (`timezoneId`, `langId`, `timezoneName`) VALUES ('America/Havana', 'en', 'Cuba Standard Time');
INSERT INTO `timezoneTranslation` (`timezoneId`, `langId`, `timezoneName`) VALUES ('America/Havana', 'ar', 'كوبا التوقيت الرسمي');
INSERT INTO `timezone` (`timezoneId`) VALUES ('America/Hermosillo');
INSERT INTO `timezoneTranslation` (`timezoneId`, `langId`, `timezoneName`) VALUES ('America/Hermosillo', 'en', 'Mountain Standard Time');
INSERT INTO `timezoneTranslation` (`timezoneId`, `langId`, `timezoneName`) VALUES ('America/Hermosillo', 'ar', 'التوقيت الجبلي القياسي');
INSERT INTO `timezone` (`timezoneId`) VALUES ('America/Indiana/Indianapolis');
INSERT INTO `timezoneTranslation` (`timezoneId`, `langId`, `timezoneName`) VALUES ('America/Indiana/Indianapolis', 'en', 'Eastern Standard Time');
INSERT INTO `timezoneTranslation` (`timezoneId`, `langId`, `timezoneName`) VALUES ('America/Indiana/Indianapolis', 'ar', 'التوقيت الشرقي');
INSERT INTO `timezone` (`timezoneId`) VALUES ('America/Indiana/Knox');
INSERT INTO `timezoneTranslation` (`timezoneId`, `langId`, `timezoneName`) VALUES ('America/Indiana/Knox', 'en', 'Central Standard Time');
INSERT INTO `timezoneTranslation` (`timezoneId`, `langId`, `timezoneName`) VALUES ('America/Indiana/Knox', 'ar', 'الوقت القياسي المركزي');
INSERT INTO `timezone` (`timezoneId`) VALUES ('America/Indiana/Marengo');
INSERT INTO `timezoneTranslation` (`timezoneId`, `langId`, `timezoneName`) VALUES ('America/Indiana/Marengo', 'en', 'Eastern Standard Time');
INSERT INTO `timezoneTranslation` (`timezoneId`, `langId`, `timezoneName`) VALUES ('America/Indiana/Marengo', 'ar', 'التوقيت الشرقي');
INSERT INTO `timezone` (`timezoneId`) VALUES ('America/Indiana/Petersburg');
INSERT INTO `timezoneTranslation` (`timezoneId`, `langId`, `timezoneName`) VALUES ('America/Indiana/Petersburg', 'en', 'Eastern Standard Time');
INSERT INTO `timezoneTranslation` (`timezoneId`, `langId`, `timezoneName`) VALUES ('America/Indiana/Petersburg', 'ar', 'التوقيت الشرقي');
INSERT INTO `timezone` (`timezoneId`) VALUES ('America/Indiana/Tell_City');
INSERT INTO `timezoneTranslation` (`timezoneId`, `langId`, `timezoneName`) VALUES ('America/Indiana/Tell_City', 'en', 'Central Standard Time');
INSERT INTO `timezoneTranslation` (`timezoneId`, `langId`, `timezoneName`) VALUES ('America/Indiana/Tell_City', 'ar', 'الوقت القياسي المركزي');
INSERT INTO `timezone` (`timezoneId`) VALUES ('America/Indiana/Vevay');
INSERT INTO `timezoneTranslation` (`timezoneId`, `langId`, `timezoneName`) VALUES ('America/Indiana/Vevay', 'en', 'Eastern Standard Time');
INSERT INTO `timezoneTranslation` (`timezoneId`, `langId`, `timezoneName`) VALUES ('America/Indiana/Vevay', 'ar', 'التوقيت الشرقي');
INSERT INTO `timezone` (`timezoneId`) VALUES ('America/Indiana/Vincennes');
INSERT INTO `timezoneTranslation` (`timezoneId`, `langId`, `timezoneName`) VALUES ('America/Indiana/Vincennes', 'en', 'Eastern Standard Time');
INSERT INTO `timezoneTranslation` (`timezoneId`, `langId`, `timezoneName`) VALUES ('America/Indiana/Vincennes', 'ar', 'التوقيت الشرقي');
INSERT INTO `timezone` (`timezoneId`) VALUES ('America/Indiana/Winamac');
INSERT INTO `timezoneTranslation` (`timezoneId`, `langId`, `timezoneName`) VALUES ('America/Indiana/Winamac', 'en', 'Eastern Standard Time');
INSERT INTO `timezoneTranslation` (`timezoneId`, `langId`, `timezoneName`) VALUES ('America/Indiana/Winamac', 'ar', 'التوقيت الشرقي');
INSERT INTO `timezone` (`timezoneId`) VALUES ('America/Indianapolis');
INSERT INTO `timezoneTranslation` (`timezoneId`, `langId`, `timezoneName`) VALUES ('America/Indianapolis', 'en', 'Eastern Standard Time');
INSERT INTO `timezoneTranslation` (`timezoneId`, `langId`, `timezoneName`) VALUES ('America/Indianapolis', 'ar', 'التوقيت الشرقي');
INSERT INTO `timezone` (`timezoneId`) VALUES ('America/Inuvik');
INSERT INTO `timezoneTranslation` (`timezoneId`, `langId`, `timezoneName`) VALUES ('America/Inuvik', 'en', 'Mountain Standard Time');
INSERT INTO `timezoneTranslation` (`timezoneId`, `langId`, `timezoneName`) VALUES ('America/Inuvik', 'ar', 'التوقيت الجبلي القياسي');
INSERT INTO `timezone` (`timezoneId`) VALUES ('America/Iqaluit');
INSERT INTO `timezoneTranslation` (`timezoneId`, `langId`, `timezoneName`) VALUES ('America/Iqaluit', 'en', 'Eastern Standard Time');
INSERT INTO `timezoneTranslation` (`timezoneId`, `langId`, `timezoneName`) VALUES ('America/Iqaluit', 'ar', 'التوقيت الشرقي');
INSERT INTO `timezone` (`timezoneId`) VALUES ('America/Jamaica');
INSERT INTO `timezoneTranslation` (`timezoneId`, `langId`, `timezoneName`) VALUES ('America/Jamaica', 'en', 'Eastern Standard Time');
INSERT INTO `timezoneTranslation` (`timezoneId`, `langId`, `timezoneName`) VALUES ('America/Jamaica', 'ar', 'التوقيت الشرقي');
INSERT INTO `timezone` (`timezoneId`) VALUES ('America/Jujuy');
INSERT INTO `timezoneTranslation` (`timezoneId`, `langId`, `timezoneName`) VALUES ('America/Jujuy', 'en', 'Argentine Time');
INSERT INTO `timezoneTranslation` (`timezoneId`, `langId`, `timezoneName`) VALUES ('America/Jujuy', 'ar', 'توقيت الأرجنتين');
INSERT INTO `timezone` (`timezoneId`) VALUES ('America/Juneau');
INSERT INTO `timezoneTranslation` (`timezoneId`, `langId`, `timezoneName`) VALUES ('America/Juneau', 'en', 'Alaska Standard Time');
INSERT INTO `timezoneTranslation` (`timezoneId`, `langId`, `timezoneName`) VALUES ('America/Juneau', 'ar', 'توقيت ألاسكا الرسمي');
INSERT INTO `timezone` (`timezoneId`) VALUES ('America/Kentucky/Louisville');
INSERT INTO `timezoneTranslation` (`timezoneId`, `langId`, `timezoneName`) VALUES ('America/Kentucky/Louisville', 'en', 'Eastern Standard Time');
INSERT INTO `timezoneTranslation` (`timezoneId`, `langId`, `timezoneName`) VALUES ('America/Kentucky/Louisville', 'ar', 'التوقيت الشرقي');
INSERT INTO `timezone` (`timezoneId`) VALUES ('America/Kentucky/Monticello');
INSERT INTO `timezoneTranslation` (`timezoneId`, `langId`, `timezoneName`) VALUES ('America/Kentucky/Monticello', 'en', 'Eastern Standard Time');
INSERT INTO `timezoneTranslation` (`timezoneId`, `langId`, `timezoneName`) VALUES ('America/Kentucky/Monticello', 'ar', 'التوقيت الشرقي');
INSERT INTO `timezone` (`timezoneId`) VALUES ('America/Knox_IN');
INSERT INTO `timezoneTranslation` (`timezoneId`, `langId`, `timezoneName`) VALUES ('America/Knox_IN', 'en', 'Central Standard Time');
INSERT INTO `timezoneTranslation` (`timezoneId`, `langId`, `timezoneName`) VALUES ('America/Knox_IN', 'ar', 'الوقت القياسي المركزي');
INSERT INTO `timezone` (`timezoneId`) VALUES ('America/Kralendijk');
INSERT INTO `timezoneTranslation` (`timezoneId`, `langId`, `timezoneName`) VALUES ('America/Kralendijk', 'en', 'Atlantic Standard Time');
INSERT INTO `timezoneTranslation` (`timezoneId`, `langId`, `timezoneName`) VALUES ('America/Kralendijk', 'ar', 'توقيت المحيط الأطلسي');
INSERT INTO `timezone` (`timezoneId`) VALUES ('America/La_Paz');
INSERT INTO `timezoneTranslation` (`timezoneId`, `langId`, `timezoneName`) VALUES ('America/La_Paz', 'en', 'Bolivia Time');
INSERT INTO `timezoneTranslation` (`timezoneId`, `langId`, `timezoneName`) VALUES ('America/La_Paz', 'ar', 'توقيت بوليفيا');
INSERT INTO `timezone` (`timezoneId`) VALUES ('America/Lima');
INSERT INTO `timezoneTranslation` (`timezoneId`, `langId`, `timezoneName`) VALUES ('America/Lima', 'en', 'Peru Time');
INSERT INTO `timezoneTranslation` (`timezoneId`, `langId`, `timezoneName`) VALUES ('America/Lima', 'ar', 'توقيت بيرو');
INSERT INTO `timezone` (`timezoneId`) VALUES ('America/Los_Angeles');
INSERT INTO `timezoneTranslation` (`timezoneId`, `langId`, `timezoneName`) VALUES ('America/Los_Angeles', 'en', 'Pacific Standard Time');
INSERT INTO `timezoneTranslation` (`timezoneId`, `langId`, `timezoneName`) VALUES ('America/Los_Angeles', 'ar', 'الوقت الباسيفيكي القياسي');
INSERT INTO `timezone` (`timezoneId`) VALUES ('America/Louisville');
INSERT INTO `timezoneTranslation` (`timezoneId`, `langId`, `timezoneName`) VALUES ('America/Louisville', 'en', 'Eastern Standard Time');
INSERT INTO `timezoneTranslation` (`timezoneId`, `langId`, `timezoneName`) VALUES ('America/Louisville', 'ar', 'التوقيت الشرقي');
INSERT INTO `timezone` (`timezoneId`) VALUES ('America/Lower_Princes');
INSERT INTO `timezoneTranslation` (`timezoneId`, `langId`, `timezoneName`) VALUES ('America/Lower_Princes', 'en', 'Atlantic Standard Time');
INSERT INTO `timezoneTranslation` (`timezoneId`, `langId`, `timezoneName`) VALUES ('America/Lower_Princes', 'ar', 'توقيت المحيط الأطلسي');
INSERT INTO `timezone` (`timezoneId`) VALUES ('America/Maceio');
INSERT INTO `timezoneTranslation` (`timezoneId`, `langId`, `timezoneName`) VALUES ('America/Maceio', 'en', 'Brasilia Time');
INSERT INTO `timezoneTranslation` (`timezoneId`, `langId`, `timezoneName`) VALUES ('America/Maceio', 'ar', 'توقيت برازيليا');
INSERT INTO `timezone` (`timezoneId`) VALUES ('America/Managua');
INSERT INTO `timezoneTranslation` (`timezoneId`, `langId`, `timezoneName`) VALUES ('America/Managua', 'en', 'Central Standard Time');
INSERT INTO `timezoneTranslation` (`timezoneId`, `langId`, `timezoneName`) VALUES ('America/Managua', 'ar', 'الوقت القياسي المركزي');
INSERT INTO `timezone` (`timezoneId`) VALUES ('America/Manaus');
INSERT INTO `timezoneTranslation` (`timezoneId`, `langId`, `timezoneName`) VALUES ('America/Manaus', 'en', 'Amazon Time');
INSERT INTO `timezoneTranslation` (`timezoneId`, `langId`, `timezoneName`) VALUES ('America/Manaus', 'ar', 'توقيت الأمازون');
INSERT INTO `timezone` (`timezoneId`) VALUES ('America/Marigot');
INSERT INTO `timezoneTranslation` (`timezoneId`, `langId`, `timezoneName`) VALUES ('America/Marigot', 'en', 'Atlantic Standard Time');
INSERT INTO `timezoneTranslation` (`timezoneId`, `langId`, `timezoneName`) VALUES ('America/Marigot', 'ar', 'توقيت المحيط الأطلسي');
INSERT INTO `timezone` (`timezoneId`) VALUES ('America/Martinique');
INSERT INTO `timezoneTranslation` (`timezoneId`, `langId`, `timezoneName`) VALUES ('America/Martinique', 'en', 'Atlantic Standard Time');
INSERT INTO `timezoneTranslation` (`timezoneId`, `langId`, `timezoneName`) VALUES ('America/Martinique', 'ar', 'توقيت المحيط الأطلسي');
INSERT INTO `timezone` (`timezoneId`) VALUES ('America/Matamoros');
INSERT INTO `timezoneTranslation` (`timezoneId`, `langId`, `timezoneName`) VALUES ('America/Matamoros', 'en', 'Central Standard Time');
INSERT INTO `timezoneTranslation` (`timezoneId`, `langId`, `timezoneName`) VALUES ('America/Matamoros', 'ar', 'الوقت القياسي المركزي');
INSERT INTO `timezone` (`timezoneId`) VALUES ('America/Mazatlan');
INSERT INTO `timezoneTranslation` (`timezoneId`, `langId`, `timezoneName`) VALUES ('America/Mazatlan', 'en', 'Mountain Standard Time');
INSERT INTO `timezoneTranslation` (`timezoneId`, `langId`, `timezoneName`) VALUES ('America/Mazatlan', 'ar', 'التوقيت الجبلي القياسي');
INSERT INTO `timezone` (`timezoneId`) VALUES ('America/Mendoza');
INSERT INTO `timezoneTranslation` (`timezoneId`, `langId`, `timezoneName`) VALUES ('America/Mendoza', 'en', 'Argentine Time');
INSERT INTO `timezoneTranslation` (`timezoneId`, `langId`, `timezoneName`) VALUES ('America/Mendoza', 'ar', 'توقيت الأرجنتين');
INSERT INTO `timezone` (`timezoneId`) VALUES ('America/Menominee');
INSERT INTO `timezoneTranslation` (`timezoneId`, `langId`, `timezoneName`) VALUES ('America/Menominee', 'en', 'Central Standard Time');
INSERT INTO `timezoneTranslation` (`timezoneId`, `langId`, `timezoneName`) VALUES ('America/Menominee', 'ar', 'الوقت القياسي المركزي');
INSERT INTO `timezone` (`timezoneId`) VALUES ('America/Merida');
INSERT INTO `timezoneTranslation` (`timezoneId`, `langId`, `timezoneName`) VALUES ('America/Merida', 'en', 'Central Standard Time');
INSERT INTO `timezoneTranslation` (`timezoneId`, `langId`, `timezoneName`) VALUES ('America/Merida', 'ar', 'الوقت القياسي المركزي');
INSERT INTO `timezone` (`timezoneId`) VALUES ('America/Metlakatla');
INSERT INTO `timezoneTranslation` (`timezoneId`, `langId`, `timezoneName`) VALUES ('America/Metlakatla', 'en', 'Alaska Standard Time');
INSERT INTO `timezoneTranslation` (`timezoneId`, `langId`, `timezoneName`) VALUES ('America/Metlakatla', 'ar', 'توقيت ألاسكا الرسمي');
INSERT INTO `timezone` (`timezoneId`) VALUES ('America/Mexico_City');
INSERT INTO `timezoneTranslation` (`timezoneId`, `langId`, `timezoneName`) VALUES ('America/Mexico_City', 'en', 'Central Standard Time');
INSERT INTO `timezoneTranslation` (`timezoneId`, `langId`, `timezoneName`) VALUES ('America/Mexico_City', 'ar', 'الوقت القياسي المركزي');
INSERT INTO `timezone` (`timezoneId`) VALUES ('America/Miquelon');
INSERT INTO `timezoneTranslation` (`timezoneId`, `langId`, `timezoneName`) VALUES ('America/Miquelon', 'en', 'Pierre & Miquelon Standard Time');
INSERT INTO `timezoneTranslation` (`timezoneId`, `langId`, `timezoneName`) VALUES ('America/Miquelon', 'ar', 'بيير وميكلون رسمي');
INSERT INTO `timezone` (`timezoneId`) VALUES ('America/Moncton');
INSERT INTO `timezoneTranslation` (`timezoneId`, `langId`, `timezoneName`) VALUES ('America/Moncton', 'en', 'Atlantic Standard Time');
INSERT INTO `timezoneTranslation` (`timezoneId`, `langId`, `timezoneName`) VALUES ('America/Moncton', 'ar', 'توقيت المحيط الأطلسي');
INSERT INTO `timezone` (`timezoneId`) VALUES ('America/Monterrey');
INSERT INTO `timezoneTranslation` (`timezoneId`, `langId`, `timezoneName`) VALUES ('America/Monterrey', 'en', 'Central Standard Time');
INSERT INTO `timezoneTranslation` (`timezoneId`, `langId`, `timezoneName`) VALUES ('America/Monterrey', 'ar', 'الوقت القياسي المركزي');
INSERT INTO `timezone` (`timezoneId`) VALUES ('America/Montevideo');
INSERT INTO `timezoneTranslation` (`timezoneId`, `langId`, `timezoneName`) VALUES ('America/Montevideo', 'en', 'Uruguay Time');
INSERT INTO `timezoneTranslation` (`timezoneId`, `langId`, `timezoneName`) VALUES ('America/Montevideo', 'ar', 'توقيت أوروغواي');
INSERT INTO `timezone` (`timezoneId`) VALUES ('America/Montreal');
INSERT INTO `timezoneTranslation` (`timezoneId`, `langId`, `timezoneName`) VALUES ('America/Montreal', 'en', 'Eastern Standard Time');
INSERT INTO `timezoneTranslation` (`timezoneId`, `langId`, `timezoneName`) VALUES ('America/Montreal', 'ar', 'التوقيت الشرقي');
INSERT INTO `timezone` (`timezoneId`) VALUES ('America/Montserrat');
INSERT INTO `timezoneTranslation` (`timezoneId`, `langId`, `timezoneName`) VALUES ('America/Montserrat', 'en', 'Atlantic Standard Time');
INSERT INTO `timezoneTranslation` (`timezoneId`, `langId`, `timezoneName`) VALUES ('America/Montserrat', 'ar', 'توقيت المحيط الأطلسي');
INSERT INTO `timezone` (`timezoneId`) VALUES ('America/Nassau');
INSERT INTO `timezoneTranslation` (`timezoneId`, `langId`, `timezoneName`) VALUES ('America/Nassau', 'en', 'Eastern Standard Time');
INSERT INTO `timezoneTranslation` (`timezoneId`, `langId`, `timezoneName`) VALUES ('America/Nassau', 'ar', 'التوقيت الشرقي');
INSERT INTO `timezone` (`timezoneId`) VALUES ('America/New_York');
INSERT INTO `timezoneTranslation` (`timezoneId`, `langId`, `timezoneName`) VALUES ('America/New_York', 'en', 'Eastern Standard Time');
INSERT INTO `timezoneTranslation` (`timezoneId`, `langId`, `timezoneName`) VALUES ('America/New_York', 'ar', 'التوقيت الشرقي');
INSERT INTO `timezone` (`timezoneId`) VALUES ('America/Nipigon');
INSERT INTO `timezoneTranslation` (`timezoneId`, `langId`, `timezoneName`) VALUES ('America/Nipigon', 'en', 'Eastern Standard Time');
INSERT INTO `timezoneTranslation` (`timezoneId`, `langId`, `timezoneName`) VALUES ('America/Nipigon', 'ar', 'التوقيت الشرقي');
INSERT INTO `timezone` (`timezoneId`) VALUES ('America/Nome');
INSERT INTO `timezoneTranslation` (`timezoneId`, `langId`, `timezoneName`) VALUES ('America/Nome', 'en', 'Alaska Standard Time');
INSERT INTO `timezoneTranslation` (`timezoneId`, `langId`, `timezoneName`) VALUES ('America/Nome', 'ar', 'توقيت ألاسكا الرسمي');
INSERT INTO `timezone` (`timezoneId`) VALUES ('America/Noronha');
INSERT INTO `timezoneTranslation` (`timezoneId`, `langId`, `timezoneName`) VALUES ('America/Noronha', 'en', 'Fernando de Noronha Time');
INSERT INTO `timezoneTranslation` (`timezoneId`, `langId`, `timezoneName`) VALUES ('America/Noronha', 'ar', 'فرناندو دي نورونها تايم');
INSERT INTO `timezone` (`timezoneId`) VALUES ('America/North_Dakota/Beulah');
INSERT INTO `timezoneTranslation` (`timezoneId`, `langId`, `timezoneName`) VALUES ('America/North_Dakota/Beulah', 'en', 'Central Standard Time');
INSERT INTO `timezoneTranslation` (`timezoneId`, `langId`, `timezoneName`) VALUES ('America/North_Dakota/Beulah', 'ar', 'الوقت القياسي المركزي');
INSERT INTO `timezone` (`timezoneId`) VALUES ('America/North_Dakota/Center');
INSERT INTO `timezoneTranslation` (`timezoneId`, `langId`, `timezoneName`) VALUES ('America/North_Dakota/Center', 'en', 'Central Standard Time');
INSERT INTO `timezoneTranslation` (`timezoneId`, `langId`, `timezoneName`) VALUES ('America/North_Dakota/Center', 'ar', 'الوقت القياسي المركزي');
INSERT INTO `timezone` (`timezoneId`) VALUES ('America/North_Dakota/New_Salem');
INSERT INTO `timezoneTranslation` (`timezoneId`, `langId`, `timezoneName`) VALUES ('America/North_Dakota/New_Salem', 'en', 'Central Standard Time');
INSERT INTO `timezoneTranslation` (`timezoneId`, `langId`, `timezoneName`) VALUES ('America/North_Dakota/New_Salem', 'ar', 'الوقت القياسي المركزي');
INSERT INTO `timezone` (`timezoneId`) VALUES ('America/Ojinaga');
INSERT INTO `timezoneTranslation` (`timezoneId`, `langId`, `timezoneName`) VALUES ('America/Ojinaga', 'en', 'Mountain Standard Time');
INSERT INTO `timezoneTranslation` (`timezoneId`, `langId`, `timezoneName`) VALUES ('America/Ojinaga', 'ar', 'التوقيت الجبلي القياسي');
INSERT INTO `timezone` (`timezoneId`) VALUES ('America/Panama');
INSERT INTO `timezoneTranslation` (`timezoneId`, `langId`, `timezoneName`) VALUES ('America/Panama', 'en', 'Eastern Standard Time');
INSERT INTO `timezoneTranslation` (`timezoneId`, `langId`, `timezoneName`) VALUES ('America/Panama', 'ar', 'التوقيت الشرقي');
INSERT INTO `timezone` (`timezoneId`) VALUES ('America/Pangnirtung');
INSERT INTO `timezoneTranslation` (`timezoneId`, `langId`, `timezoneName`) VALUES ('America/Pangnirtung', 'en', 'Eastern Standard Time');
INSERT INTO `timezoneTranslation` (`timezoneId`, `langId`, `timezoneName`) VALUES ('America/Pangnirtung', 'ar', 'التوقيت الشرقي');
INSERT INTO `timezone` (`timezoneId`) VALUES ('America/Paramaribo');
INSERT INTO `timezoneTranslation` (`timezoneId`, `langId`, `timezoneName`) VALUES ('America/Paramaribo', 'en', 'Suriname Time');
INSERT INTO `timezoneTranslation` (`timezoneId`, `langId`, `timezoneName`) VALUES ('America/Paramaribo', 'ar', 'سورينام الوقت');
INSERT INTO `timezone` (`timezoneId`) VALUES ('America/Phoenix');
INSERT INTO `timezoneTranslation` (`timezoneId`, `langId`, `timezoneName`) VALUES ('America/Phoenix', 'en', 'Mountain Standard Time');
INSERT INTO `timezoneTranslation` (`timezoneId`, `langId`, `timezoneName`) VALUES ('America/Phoenix', 'ar', 'التوقيت الجبلي القياسي');
INSERT INTO `timezone` (`timezoneId`) VALUES ('America/Port-au-Prince');
INSERT INTO `timezoneTranslation` (`timezoneId`, `langId`, `timezoneName`) VALUES ('America/Port-au-Prince', 'en', 'Eastern Standard Time');
INSERT INTO `timezoneTranslation` (`timezoneId`, `langId`, `timezoneName`) VALUES ('America/Port-au-Prince', 'ar', 'التوقيت الشرقي');
INSERT INTO `timezone` (`timezoneId`) VALUES ('America/Port_of_Spain');
INSERT INTO `timezoneTranslation` (`timezoneId`, `langId`, `timezoneName`) VALUES ('America/Port_of_Spain', 'en', 'Atlantic Standard Time');
INSERT INTO `timezoneTranslation` (`timezoneId`, `langId`, `timezoneName`) VALUES ('America/Port_of_Spain', 'ar', 'توقيت المحيط الأطلسي');
INSERT INTO `timezone` (`timezoneId`) VALUES ('America/Porto_Acre');
INSERT INTO `timezoneTranslation` (`timezoneId`, `langId`, `timezoneName`) VALUES ('America/Porto_Acre', 'en', 'Acre Time');
INSERT INTO `timezoneTranslation` (`timezoneId`, `langId`, `timezoneName`) VALUES ('America/Porto_Acre', 'ar', 'عكا الوقت');
INSERT INTO `timezone` (`timezoneId`) VALUES ('America/Porto_Velho');
INSERT INTO `timezoneTranslation` (`timezoneId`, `langId`, `timezoneName`) VALUES ('America/Porto_Velho', 'en', 'Amazon Time');
INSERT INTO `timezoneTranslation` (`timezoneId`, `langId`, `timezoneName`) VALUES ('America/Porto_Velho', 'ar', 'توقيت الأمازون');
INSERT INTO `timezone` (`timezoneId`) VALUES ('America/Puerto_Rico');
INSERT INTO `timezoneTranslation` (`timezoneId`, `langId`, `timezoneName`) VALUES ('America/Puerto_Rico', 'en', 'Atlantic Standard Time');
INSERT INTO `timezoneTranslation` (`timezoneId`, `langId`, `timezoneName`) VALUES ('America/Puerto_Rico', 'ar', 'توقيت المحيط الأطلسي');
INSERT INTO `timezone` (`timezoneId`) VALUES ('America/Rainy_River');
INSERT INTO `timezoneTranslation` (`timezoneId`, `langId`, `timezoneName`) VALUES ('America/Rainy_River', 'en', 'Central Standard Time');
INSERT INTO `timezoneTranslation` (`timezoneId`, `langId`, `timezoneName`) VALUES ('America/Rainy_River', 'ar', 'الوقت القياسي المركزي');
INSERT INTO `timezone` (`timezoneId`) VALUES ('America/Rankin_Inlet');
INSERT INTO `timezoneTranslation` (`timezoneId`, `langId`, `timezoneName`) VALUES ('America/Rankin_Inlet', 'en', 'Central Standard Time');
INSERT INTO `timezoneTranslation` (`timezoneId`, `langId`, `timezoneName`) VALUES ('America/Rankin_Inlet', 'ar', 'الوقت القياسي المركزي');
INSERT INTO `timezone` (`timezoneId`) VALUES ('America/Recife');
INSERT INTO `timezoneTranslation` (`timezoneId`, `langId`, `timezoneName`) VALUES ('America/Recife', 'en', 'Brasilia Time');
INSERT INTO `timezoneTranslation` (`timezoneId`, `langId`, `timezoneName`) VALUES ('America/Recife', 'ar', 'توقيت برازيليا');
INSERT INTO `timezone` (`timezoneId`) VALUES ('America/Regina');
INSERT INTO `timezoneTranslation` (`timezoneId`, `langId`, `timezoneName`) VALUES ('America/Regina', 'en', 'Central Standard Time');
INSERT INTO `timezoneTranslation` (`timezoneId`, `langId`, `timezoneName`) VALUES ('America/Regina', 'ar', 'الوقت القياسي المركزي');
INSERT INTO `timezone` (`timezoneId`) VALUES ('America/Resolute');
INSERT INTO `timezoneTranslation` (`timezoneId`, `langId`, `timezoneName`) VALUES ('America/Resolute', 'en', 'Central Standard Time');
INSERT INTO `timezoneTranslation` (`timezoneId`, `langId`, `timezoneName`) VALUES ('America/Resolute', 'ar', 'الوقت القياسي المركزي');
INSERT INTO `timezone` (`timezoneId`) VALUES ('America/Rio_Branco');
INSERT INTO `timezoneTranslation` (`timezoneId`, `langId`, `timezoneName`) VALUES ('America/Rio_Branco', 'en', 'Acre Time');
INSERT INTO `timezoneTranslation` (`timezoneId`, `langId`, `timezoneName`) VALUES ('America/Rio_Branco', 'ar', 'عكا الوقت');
INSERT INTO `timezone` (`timezoneId`) VALUES ('America/Rosario');
INSERT INTO `timezoneTranslation` (`timezoneId`, `langId`, `timezoneName`) VALUES ('America/Rosario', 'en', 'Argentine Time');
INSERT INTO `timezoneTranslation` (`timezoneId`, `langId`, `timezoneName`) VALUES ('America/Rosario', 'ar', 'توقيت الأرجنتين');
INSERT INTO `timezone` (`timezoneId`) VALUES ('America/Santa_Isabel');
INSERT INTO `timezoneTranslation` (`timezoneId`, `langId`, `timezoneName`) VALUES ('America/Santa_Isabel', 'en', 'Pacific Standard Time');
INSERT INTO `timezoneTranslation` (`timezoneId`, `langId`, `timezoneName`) VALUES ('America/Santa_Isabel', 'ar', 'الوقت الباسيفيكي القياسي');
INSERT INTO `timezone` (`timezoneId`) VALUES ('America/Santarem');
INSERT INTO `timezoneTranslation` (`timezoneId`, `langId`, `timezoneName`) VALUES ('America/Santarem', 'en', 'Brasilia Time');
INSERT INTO `timezoneTranslation` (`timezoneId`, `langId`, `timezoneName`) VALUES ('America/Santarem', 'ar', 'توقيت برازيليا');
INSERT INTO `timezone` (`timezoneId`) VALUES ('America/Santiago');
INSERT INTO `timezoneTranslation` (`timezoneId`, `langId`, `timezoneName`) VALUES ('America/Santiago', 'en', 'Chile Time');
INSERT INTO `timezoneTranslation` (`timezoneId`, `langId`, `timezoneName`) VALUES ('America/Santiago', 'ar', 'توقيت تشيلي');
INSERT INTO `timezone` (`timezoneId`) VALUES ('America/Santo_Domingo');
INSERT INTO `timezoneTranslation` (`timezoneId`, `langId`, `timezoneName`) VALUES ('America/Santo_Domingo', 'en', 'Atlantic Standard Time');
INSERT INTO `timezoneTranslation` (`timezoneId`, `langId`, `timezoneName`) VALUES ('America/Santo_Domingo', 'ar', 'توقيت المحيط الأطلسي');
INSERT INTO `timezone` (`timezoneId`) VALUES ('America/Sao_Paulo');
INSERT INTO `timezoneTranslation` (`timezoneId`, `langId`, `timezoneName`) VALUES ('America/Sao_Paulo', 'en', 'Brasilia Time');
INSERT INTO `timezoneTranslation` (`timezoneId`, `langId`, `timezoneName`) VALUES ('America/Sao_Paulo', 'ar', 'توقيت برازيليا');
INSERT INTO `timezone` (`timezoneId`) VALUES ('America/Scoresbysund');
INSERT INTO `timezoneTranslation` (`timezoneId`, `langId`, `timezoneName`) VALUES ('America/Scoresbysund', 'en', 'Eastern Greenland Time');
INSERT INTO `timezoneTranslation` (`timezoneId`, `langId`, `timezoneName`) VALUES ('America/Scoresbysund', 'ar', 'توقيت شرق جرينلاند');
INSERT INTO `timezone` (`timezoneId`) VALUES ('America/Shiprock');
INSERT INTO `timezoneTranslation` (`timezoneId`, `langId`, `timezoneName`) VALUES ('America/Shiprock', 'en', 'Mountain Standard Time');
INSERT INTO `timezoneTranslation` (`timezoneId`, `langId`, `timezoneName`) VALUES ('America/Shiprock', 'ar', 'التوقيت الجبلي القياسي');
INSERT INTO `timezone` (`timezoneId`) VALUES ('America/Sitka');
INSERT INTO `timezoneTranslation` (`timezoneId`, `langId`, `timezoneName`) VALUES ('America/Sitka', 'en', 'Alaska Standard Time');
INSERT INTO `timezoneTranslation` (`timezoneId`, `langId`, `timezoneName`) VALUES ('America/Sitka', 'ar', 'توقيت ألاسكا الرسمي');
INSERT INTO `timezone` (`timezoneId`) VALUES ('America/St_Barthelemy');
INSERT INTO `timezoneTranslation` (`timezoneId`, `langId`, `timezoneName`) VALUES ('America/St_Barthelemy', 'en', 'Atlantic Standard Time');
INSERT INTO `timezoneTranslation` (`timezoneId`, `langId`, `timezoneName`) VALUES ('America/St_Barthelemy', 'ar', 'توقيت المحيط الأطلسي');
INSERT INTO `timezone` (`timezoneId`) VALUES ('America/St_Johns');
INSERT INTO `timezoneTranslation` (`timezoneId`, `langId`, `timezoneName`) VALUES ('America/St_Johns', 'en', 'Newfoundland Standard Time');
INSERT INTO `timezoneTranslation` (`timezoneId`, `langId`, `timezoneName`) VALUES ('America/St_Johns', 'ar', 'توقيت نيوفاوندلاند الرسمي');
INSERT INTO `timezone` (`timezoneId`) VALUES ('America/St_Kitts');
INSERT INTO `timezoneTranslation` (`timezoneId`, `langId`, `timezoneName`) VALUES ('America/St_Kitts', 'en', 'Atlantic Standard Time');
INSERT INTO `timezoneTranslation` (`timezoneId`, `langId`, `timezoneName`) VALUES ('America/St_Kitts', 'ar', 'توقيت المحيط الأطلسي');
INSERT INTO `timezone` (`timezoneId`) VALUES ('America/St_Lucia');
INSERT INTO `timezoneTranslation` (`timezoneId`, `langId`, `timezoneName`) VALUES ('America/St_Lucia', 'en', 'Atlantic Standard Time');
INSERT INTO `timezoneTranslation` (`timezoneId`, `langId`, `timezoneName`) VALUES ('America/St_Lucia', 'ar', 'توقيت المحيط الأطلسي');
INSERT INTO `timezone` (`timezoneId`) VALUES ('America/St_Thomas');
INSERT INTO `timezoneTranslation` (`timezoneId`, `langId`, `timezoneName`) VALUES ('America/St_Thomas', 'en', 'Atlantic Standard Time');
INSERT INTO `timezoneTranslation` (`timezoneId`, `langId`, `timezoneName`) VALUES ('America/St_Thomas', 'ar', 'توقيت المحيط الأطلسي');
INSERT INTO `timezone` (`timezoneId`) VALUES ('America/St_Vincent');
INSERT INTO `timezoneTranslation` (`timezoneId`, `langId`, `timezoneName`) VALUES ('America/St_Vincent', 'en', 'Atlantic Standard Time');
INSERT INTO `timezoneTranslation` (`timezoneId`, `langId`, `timezoneName`) VALUES ('America/St_Vincent', 'ar', 'توقيت المحيط الأطلسي');
INSERT INTO `timezone` (`timezoneId`) VALUES ('America/Swift_Current');
INSERT INTO `timezoneTranslation` (`timezoneId`, `langId`, `timezoneName`) VALUES ('America/Swift_Current', 'en', 'Central Standard Time');
INSERT INTO `timezoneTranslation` (`timezoneId`, `langId`, `timezoneName`) VALUES ('America/Swift_Current', 'ar', 'الوقت القياسي المركزي');
INSERT INTO `timezone` (`timezoneId`) VALUES ('America/Tegucigalpa');
INSERT INTO `timezoneTranslation` (`timezoneId`, `langId`, `timezoneName`) VALUES ('America/Tegucigalpa', 'en', 'Central Standard Time');
INSERT INTO `timezoneTranslation` (`timezoneId`, `langId`, `timezoneName`) VALUES ('America/Tegucigalpa', 'ar', 'الوقت القياسي المركزي');
INSERT INTO `timezone` (`timezoneId`) VALUES ('America/Thule');
INSERT INTO `timezoneTranslation` (`timezoneId`, `langId`, `timezoneName`) VALUES ('America/Thule', 'en', 'Atlantic Standard Time');
INSERT INTO `timezoneTranslation` (`timezoneId`, `langId`, `timezoneName`) VALUES ('America/Thule', 'ar', 'توقيت المحيط الأطلسي');
INSERT INTO `timezone` (`timezoneId`) VALUES ('America/Thunder_Bay');
INSERT INTO `timezoneTranslation` (`timezoneId`, `langId`, `timezoneName`) VALUES ('America/Thunder_Bay', 'en', 'Eastern Standard Time');
INSERT INTO `timezoneTranslation` (`timezoneId`, `langId`, `timezoneName`) VALUES ('America/Thunder_Bay', 'ar', 'التوقيت الشرقي');
INSERT INTO `timezone` (`timezoneId`) VALUES ('America/Tijuana');
INSERT INTO `timezoneTranslation` (`timezoneId`, `langId`, `timezoneName`) VALUES ('America/Tijuana', 'en', 'Pacific Standard Time');
INSERT INTO `timezoneTranslation` (`timezoneId`, `langId`, `timezoneName`) VALUES ('America/Tijuana', 'ar', 'الوقت الباسيفيكي القياسي');
INSERT INTO `timezone` (`timezoneId`) VALUES ('America/Toronto');
INSERT INTO `timezoneTranslation` (`timezoneId`, `langId`, `timezoneName`) VALUES ('America/Toronto', 'en', 'Eastern Standard Time');
INSERT INTO `timezoneTranslation` (`timezoneId`, `langId`, `timezoneName`) VALUES ('America/Toronto', 'ar', 'التوقيت الشرقي');
INSERT INTO `timezone` (`timezoneId`) VALUES ('America/Tortola');
INSERT INTO `timezoneTranslation` (`timezoneId`, `langId`, `timezoneName`) VALUES ('America/Tortola', 'en', 'Atlantic Standard Time');
INSERT INTO `timezoneTranslation` (`timezoneId`, `langId`, `timezoneName`) VALUES ('America/Tortola', 'ar', 'توقيت المحيط الأطلسي');
INSERT INTO `timezone` (`timezoneId`) VALUES ('America/Vancouver');
INSERT INTO `timezoneTranslation` (`timezoneId`, `langId`, `timezoneName`) VALUES ('America/Vancouver', 'en', 'Pacific Standard Time');
INSERT INTO `timezoneTranslation` (`timezoneId`, `langId`, `timezoneName`) VALUES ('America/Vancouver', 'ar', 'الوقت الباسيفيكي القياسي');
INSERT INTO `timezone` (`timezoneId`) VALUES ('America/Virgin');
INSERT INTO `timezoneTranslation` (`timezoneId`, `langId`, `timezoneName`) VALUES ('America/Virgin', 'en', 'Atlantic Standard Time');
INSERT INTO `timezoneTranslation` (`timezoneId`, `langId`, `timezoneName`) VALUES ('America/Virgin', 'ar', 'توقيت المحيط الأطلسي');
INSERT INTO `timezone` (`timezoneId`) VALUES ('America/Whitehorse');
INSERT INTO `timezoneTranslation` (`timezoneId`, `langId`, `timezoneName`) VALUES ('America/Whitehorse', 'en', 'Pacific Standard Time');
INSERT INTO `timezoneTranslation` (`timezoneId`, `langId`, `timezoneName`) VALUES ('America/Whitehorse', 'ar', 'الوقت الباسيفيكي القياسي');
INSERT INTO `timezone` (`timezoneId`) VALUES ('America/Winnipeg');
INSERT INTO `timezoneTranslation` (`timezoneId`, `langId`, `timezoneName`) VALUES ('America/Winnipeg', 'en', 'Central Standard Time');
INSERT INTO `timezoneTranslation` (`timezoneId`, `langId`, `timezoneName`) VALUES ('America/Winnipeg', 'ar', 'الوقت القياسي المركزي');
INSERT INTO `timezone` (`timezoneId`) VALUES ('America/Yakutat');
INSERT INTO `timezoneTranslation` (`timezoneId`, `langId`, `timezoneName`) VALUES ('America/Yakutat', 'en', 'Alaska Standard Time');
INSERT INTO `timezoneTranslation` (`timezoneId`, `langId`, `timezoneName`) VALUES ('America/Yakutat', 'ar', 'توقيت ألاسكا الرسمي');
INSERT INTO `timezone` (`timezoneId`) VALUES ('America/Yellowknife');
INSERT INTO `timezoneTranslation` (`timezoneId`, `langId`, `timezoneName`) VALUES ('America/Yellowknife', 'en', 'Mountain Standard Time');
INSERT INTO `timezoneTranslation` (`timezoneId`, `langId`, `timezoneName`) VALUES ('America/Yellowknife', 'ar', 'التوقيت الجبلي القياسي');
INSERT INTO `timezone` (`timezoneId`) VALUES ('Antarctica/Casey');
INSERT INTO `timezoneTranslation` (`timezoneId`, `langId`, `timezoneName`) VALUES ('Antarctica/Casey', 'en', 'Australian Western Standard Time');
INSERT INTO `timezoneTranslation` (`timezoneId`, `langId`, `timezoneName`) VALUES ('Antarctica/Casey', 'ar', 'التوقيت الاسترالي الغربي الرسمي');
INSERT INTO `timezone` (`timezoneId`) VALUES ('Antarctica/Davis');
INSERT INTO `timezoneTranslation` (`timezoneId`, `langId`, `timezoneName`) VALUES ('Antarctica/Davis', 'en', 'Davis Time');
INSERT INTO `timezoneTranslation` (`timezoneId`, `langId`, `timezoneName`) VALUES ('Antarctica/Davis', 'ar', 'ديفيز تايم');
INSERT INTO `timezone` (`timezoneId`) VALUES ('Antarctica/DumontDUrville');
INSERT INTO `timezoneTranslation` (`timezoneId`, `langId`, `timezoneName`) VALUES ('Antarctica/DumontDUrville', 'en', 'Dumont-d''Urville Time');
INSERT INTO `timezoneTranslation` (`timezoneId`, `langId`, `timezoneName`) VALUES ('Antarctica/DumontDUrville', 'ar', 'توقيت دومونت دورفيل');
INSERT INTO `timezone` (`timezoneId`) VALUES ('Antarctica/Macquarie');
INSERT INTO `timezoneTranslation` (`timezoneId`, `langId`, `timezoneName`) VALUES ('Antarctica/Macquarie', 'en', 'Macquarie Island Standard Time');
INSERT INTO `timezoneTranslation` (`timezoneId`, `langId`, `timezoneName`) VALUES ('Antarctica/Macquarie', 'ar', 'توقيت جزيرة ماكواري');
INSERT INTO `timezone` (`timezoneId`) VALUES ('Antarctica/Mawson');
INSERT INTO `timezoneTranslation` (`timezoneId`, `langId`, `timezoneName`) VALUES ('Antarctica/Mawson', 'en', 'Mawson Time');
INSERT INTO `timezoneTranslation` (`timezoneId`, `langId`, `timezoneName`) VALUES ('Antarctica/Mawson', 'ar', 'وقت موسون');
INSERT INTO `timezone` (`timezoneId`) VALUES ('Antarctica/McMurdo');
INSERT INTO `timezoneTranslation` (`timezoneId`, `langId`, `timezoneName`) VALUES ('Antarctica/McMurdo', 'en', 'New Zealand Standard Time');
INSERT INTO `timezoneTranslation` (`timezoneId`, `langId`, `timezoneName`) VALUES ('Antarctica/McMurdo', 'ar', 'التوقيت الرسمي لنيوزيلندا');
INSERT INTO `timezone` (`timezoneId`) VALUES ('Antarctica/Palmer');
INSERT INTO `timezoneTranslation` (`timezoneId`, `langId`, `timezoneName`) VALUES ('Antarctica/Palmer', 'en', 'Chile Time');
INSERT INTO `timezoneTranslation` (`timezoneId`, `langId`, `timezoneName`) VALUES ('Antarctica/Palmer', 'ar', 'توقيت تشيلي');
INSERT INTO `timezone` (`timezoneId`) VALUES ('Antarctica/Rothera');
INSERT INTO `timezoneTranslation` (`timezoneId`, `langId`, `timezoneName`) VALUES ('Antarctica/Rothera', 'en', 'Rothera Time');
INSERT INTO `timezoneTranslation` (`timezoneId`, `langId`, `timezoneName`) VALUES ('Antarctica/Rothera', 'ar', 'Rothera الوقت');
INSERT INTO `timezone` (`timezoneId`) VALUES ('Antarctica/South_Pole');
INSERT INTO `timezoneTranslation` (`timezoneId`, `langId`, `timezoneName`) VALUES ('Antarctica/South_Pole', 'en', 'New Zealand Standard Time');
INSERT INTO `timezoneTranslation` (`timezoneId`, `langId`, `timezoneName`) VALUES ('Antarctica/South_Pole', 'ar', 'التوقيت الرسمي لنيوزيلندا');
INSERT INTO `timezone` (`timezoneId`) VALUES ('Antarctica/Syowa');
INSERT INTO `timezoneTranslation` (`timezoneId`, `langId`, `timezoneName`) VALUES ('Antarctica/Syowa', 'en', 'Syowa Time');
INSERT INTO `timezoneTranslation` (`timezoneId`, `langId`, `timezoneName`) VALUES ('Antarctica/Syowa', 'ar', 'توقيت سيوا');
INSERT INTO `timezone` (`timezoneId`) VALUES ('Antarctica/Troll');
INSERT INTO `timezoneTranslation` (`timezoneId`, `langId`, `timezoneName`) VALUES ('Antarctica/Troll', 'en', 'Coordinated Universal Time');
INSERT INTO `timezoneTranslation` (`timezoneId`, `langId`, `timezoneName`) VALUES ('Antarctica/Troll', 'ar', 'توقيت عالمي متناسق');
INSERT INTO `timezone` (`timezoneId`) VALUES ('Antarctica/Vostok');
INSERT INTO `timezoneTranslation` (`timezoneId`, `langId`, `timezoneName`) VALUES ('Antarctica/Vostok', 'en', 'Vostok Time');
INSERT INTO `timezoneTranslation` (`timezoneId`, `langId`, `timezoneName`) VALUES ('Antarctica/Vostok', 'ar', 'توقيت فوستوك');
INSERT INTO `timezone` (`timezoneId`) VALUES ('Arctic/Longyearbyen');
INSERT INTO `timezoneTranslation` (`timezoneId`, `langId`, `timezoneName`) VALUES ('Arctic/Longyearbyen', 'en', 'Central European Time');
INSERT INTO `timezoneTranslation` (`timezoneId`, `langId`, `timezoneName`) VALUES ('Arctic/Longyearbyen', 'ar', 'توقيت وسط أوروبا');
INSERT INTO `timezone` (`timezoneId`) VALUES ('Asia/Aden');
INSERT INTO `timezoneTranslation` (`timezoneId`, `langId`, `timezoneName`) VALUES ('Asia/Aden', 'en', 'Arabia Standard Time');
INSERT INTO `timezoneTranslation` (`timezoneId`, `langId`, `timezoneName`) VALUES ('Asia/Aden', 'ar', 'العربية الموحدة');
INSERT INTO `timezone` (`timezoneId`) VALUES ('Asia/Almaty');
INSERT INTO `timezoneTranslation` (`timezoneId`, `langId`, `timezoneName`) VALUES ('Asia/Almaty', 'en', 'Alma-Ata Time');
INSERT INTO `timezoneTranslation` (`timezoneId`, `langId`, `timezoneName`) VALUES ('Asia/Almaty', 'ar', 'توقيت ألما آتا');
INSERT INTO `timezone` (`timezoneId`) VALUES ('Asia/Amman');
INSERT INTO `timezoneTranslation` (`timezoneId`, `langId`, `timezoneName`) VALUES ('Asia/Amman', 'en', 'Eastern European Time');
INSERT INTO `timezoneTranslation` (`timezoneId`, `langId`, `timezoneName`) VALUES ('Asia/Amman', 'ar', 'توقيت شرق أوروبا');
INSERT INTO `timezone` (`timezoneId`) VALUES ('Asia/Anadyr');
INSERT INTO `timezoneTranslation` (`timezoneId`, `langId`, `timezoneName`) VALUES ('Asia/Anadyr', 'en', 'Anadyr Time');
INSERT INTO `timezoneTranslation` (`timezoneId`, `langId`, `timezoneName`) VALUES ('Asia/Anadyr', 'ar', 'توقيت أنادر');
INSERT INTO `timezone` (`timezoneId`) VALUES ('Asia/Aqtau');
INSERT INTO `timezoneTranslation` (`timezoneId`, `langId`, `timezoneName`) VALUES ('Asia/Aqtau', 'en', 'Aqtau Time');
INSERT INTO `timezoneTranslation` (`timezoneId`, `langId`, `timezoneName`) VALUES ('Asia/Aqtau', 'ar', 'أكتاو تايم');
INSERT INTO `timezone` (`timezoneId`) VALUES ('Asia/Aqtobe');
INSERT INTO `timezoneTranslation` (`timezoneId`, `langId`, `timezoneName`) VALUES ('Asia/Aqtobe', 'en', 'Aqtobe Time');
INSERT INTO `timezoneTranslation` (`timezoneId`, `langId`, `timezoneName`) VALUES ('Asia/Aqtobe', 'ar', 'أكتوبي تايم');
INSERT INTO `timezone` (`timezoneId`) VALUES ('Asia/Ashgabat');
INSERT INTO `timezoneTranslation` (`timezoneId`, `langId`, `timezoneName`) VALUES ('Asia/Ashgabat', 'en', 'Turkmenistan Time');
INSERT INTO `timezoneTranslation` (`timezoneId`, `langId`, `timezoneName`) VALUES ('Asia/Ashgabat', 'ar', 'توقيت تركمنستان');
INSERT INTO `timezone` (`timezoneId`) VALUES ('Asia/Ashkhabad');
INSERT INTO `timezoneTranslation` (`timezoneId`, `langId`, `timezoneName`) VALUES ('Asia/Ashkhabad', 'en', 'Turkmenistan Time');
INSERT INTO `timezoneTranslation` (`timezoneId`, `langId`, `timezoneName`) VALUES ('Asia/Ashkhabad', 'ar', 'توقيت تركمنستان');
INSERT INTO `timezone` (`timezoneId`) VALUES ('Asia/Baghdad');
INSERT INTO `timezoneTranslation` (`timezoneId`, `langId`, `timezoneName`) VALUES ('Asia/Baghdad', 'en', 'Arabia Standard Time');
INSERT INTO `timezoneTranslation` (`timezoneId`, `langId`, `timezoneName`) VALUES ('Asia/Baghdad', 'ar', 'العربية الموحدة');
INSERT INTO `timezone` (`timezoneId`) VALUES ('Asia/Bahrain');
INSERT INTO `timezoneTranslation` (`timezoneId`, `langId`, `timezoneName`) VALUES ('Asia/Bahrain', 'en', 'Arabia Standard Time');
INSERT INTO `timezoneTranslation` (`timezoneId`, `langId`, `timezoneName`) VALUES ('Asia/Bahrain', 'ar', 'العربية الموحدة');
INSERT INTO `timezone` (`timezoneId`) VALUES ('Asia/Baku');
INSERT INTO `timezoneTranslation` (`timezoneId`, `langId`, `timezoneName`) VALUES ('Asia/Baku', 'en', 'Azerbaijan Time');
INSERT INTO `timezoneTranslation` (`timezoneId`, `langId`, `timezoneName`) VALUES ('Asia/Baku', 'ar', 'أذربيجان الوقت');
INSERT INTO `timezone` (`timezoneId`) VALUES ('Asia/Bangkok');
INSERT INTO `timezoneTranslation` (`timezoneId`, `langId`, `timezoneName`) VALUES ('Asia/Bangkok', 'en', 'Indochina Time');
INSERT INTO `timezoneTranslation` (`timezoneId`, `langId`, `timezoneName`) VALUES ('Asia/Bangkok', 'ar', 'الهند الصينية');
INSERT INTO `timezone` (`timezoneId`) VALUES ('Asia/Barnaul');
INSERT INTO `timezoneTranslation` (`timezoneId`, `langId`, `timezoneName`) VALUES ('Asia/Barnaul', 'en', 'GMT+07:00');
INSERT INTO `timezoneTranslation` (`timezoneId`, `langId`, `timezoneName`) VALUES ('Asia/Barnaul', 'ar', 'GMT + 07: 00');
INSERT INTO `timezone` (`timezoneId`) VALUES ('Asia/Beirut');
INSERT INTO `timezoneTranslation` (`timezoneId`, `langId`, `timezoneName`) VALUES ('Asia/Beirut', 'en', 'Eastern European Time');
INSERT INTO `timezoneTranslation` (`timezoneId`, `langId`, `timezoneName`) VALUES ('Asia/Beirut', 'ar', 'توقيت شرق أوروبا');
INSERT INTO `timezone` (`timezoneId`) VALUES ('Asia/Bishkek');
INSERT INTO `timezoneTranslation` (`timezoneId`, `langId`, `timezoneName`) VALUES ('Asia/Bishkek', 'en', 'Kirgizstan Time');
INSERT INTO `timezoneTranslation` (`timezoneId`, `langId`, `timezoneName`) VALUES ('Asia/Bishkek', 'ar', 'توقيت كيرجستان');
INSERT INTO `timezone` (`timezoneId`) VALUES ('Asia/Brunei');
INSERT INTO `timezoneTranslation` (`timezoneId`, `langId`, `timezoneName`) VALUES ('Asia/Brunei', 'en', 'Brunei Time');
INSERT INTO `timezoneTranslation` (`timezoneId`, `langId`, `timezoneName`) VALUES ('Asia/Brunei', 'ar', 'بروناي تايم');
INSERT INTO `timezone` (`timezoneId`) VALUES ('Asia/Calcutta');
INSERT INTO `timezoneTranslation` (`timezoneId`, `langId`, `timezoneName`) VALUES ('Asia/Calcutta', 'en', 'India Standard Time');
INSERT INTO `timezoneTranslation` (`timezoneId`, `langId`, `timezoneName`) VALUES ('Asia/Calcutta', 'ar', 'توقيت الهند الرسمي');
INSERT INTO `timezone` (`timezoneId`) VALUES ('Asia/Chita');
INSERT INTO `timezoneTranslation` (`timezoneId`, `langId`, `timezoneName`) VALUES ('Asia/Chita', 'en', 'Yakutsk Time');
INSERT INTO `timezoneTranslation` (`timezoneId`, `langId`, `timezoneName`) VALUES ('Asia/Chita', 'ar', 'ياكوتسك الوقت');
INSERT INTO `timezone` (`timezoneId`) VALUES ('Asia/Choibalsan');
INSERT INTO `timezoneTranslation` (`timezoneId`, `langId`, `timezoneName`) VALUES ('Asia/Choibalsan', 'en', 'Choibalsan Time');
INSERT INTO `timezoneTranslation` (`timezoneId`, `langId`, `timezoneName`) VALUES ('Asia/Choibalsan', 'ar', 'Choibalsan الوقت');
INSERT INTO `timezone` (`timezoneId`) VALUES ('Asia/Chongqing');
INSERT INTO `timezoneTranslation` (`timezoneId`, `langId`, `timezoneName`) VALUES ('Asia/Chongqing', 'en', 'China Standard Time');
INSERT INTO `timezoneTranslation` (`timezoneId`, `langId`, `timezoneName`) VALUES ('Asia/Chongqing', 'ar', 'الصين التوقيت الرسمي');
INSERT INTO `timezone` (`timezoneId`) VALUES ('Asia/Chungking');
INSERT INTO `timezoneTranslation` (`timezoneId`, `langId`, `timezoneName`) VALUES ('Asia/Chungking', 'en', 'China Standard Time');
INSERT INTO `timezoneTranslation` (`timezoneId`, `langId`, `timezoneName`) VALUES ('Asia/Chungking', 'ar', 'الصين التوقيت الرسمي');
INSERT INTO `timezone` (`timezoneId`) VALUES ('Asia/Colombo');
INSERT INTO `timezoneTranslation` (`timezoneId`, `langId`, `timezoneName`) VALUES ('Asia/Colombo', 'en', 'India Standard Time');
INSERT INTO `timezoneTranslation` (`timezoneId`, `langId`, `timezoneName`) VALUES ('Asia/Colombo', 'ar', 'توقيت الهند الرسمي');
INSERT INTO `timezone` (`timezoneId`) VALUES ('Asia/Dacca');
INSERT INTO `timezoneTranslation` (`timezoneId`, `langId`, `timezoneName`) VALUES ('Asia/Dacca', 'en', 'Bangladesh Time');
INSERT INTO `timezoneTranslation` (`timezoneId`, `langId`, `timezoneName`) VALUES ('Asia/Dacca', 'ar', 'بنجلاديش وقت');
INSERT INTO `timezone` (`timezoneId`) VALUES ('Asia/Damascus');
INSERT INTO `timezoneTranslation` (`timezoneId`, `langId`, `timezoneName`) VALUES ('Asia/Damascus', 'en', 'Eastern European Time');
INSERT INTO `timezoneTranslation` (`timezoneId`, `langId`, `timezoneName`) VALUES ('Asia/Damascus', 'ar', 'توقيت شرق أوروبا');
INSERT INTO `timezone` (`timezoneId`) VALUES ('Asia/Dhaka');
INSERT INTO `timezoneTranslation` (`timezoneId`, `langId`, `timezoneName`) VALUES ('Asia/Dhaka', 'en', 'Bangladesh Time');
INSERT INTO `timezoneTranslation` (`timezoneId`, `langId`, `timezoneName`) VALUES ('Asia/Dhaka', 'ar', 'بنجلاديش وقت');
INSERT INTO `timezone` (`timezoneId`) VALUES ('Asia/Dili');
INSERT INTO `timezoneTranslation` (`timezoneId`, `langId`, `timezoneName`) VALUES ('Asia/Dili', 'en', 'Timor-Leste Time');
INSERT INTO `timezoneTranslation` (`timezoneId`, `langId`, `timezoneName`) VALUES ('Asia/Dili', 'ar', 'تيمور- ليشتي الوقت');
INSERT INTO `timezone` (`timezoneId`) VALUES ('Asia/Dubai');
INSERT INTO `timezoneTranslation` (`timezoneId`, `langId`, `timezoneName`) VALUES ('Asia/Dubai', 'en', 'Gulf Standard Time');
INSERT INTO `timezoneTranslation` (`timezoneId`, `langId`, `timezoneName`) VALUES ('Asia/Dubai', 'ar', 'التوقيت الرسمي الخليجي');
INSERT INTO `timezone` (`timezoneId`) VALUES ('Asia/Dushanbe');
INSERT INTO `timezoneTranslation` (`timezoneId`, `langId`, `timezoneName`) VALUES ('Asia/Dushanbe', 'en', 'Tajikistan Time');
INSERT INTO `timezoneTranslation` (`timezoneId`, `langId`, `timezoneName`) VALUES ('Asia/Dushanbe', 'ar', 'طاجيكستان الوقت');
INSERT INTO `timezone` (`timezoneId`) VALUES ('Asia/Famagusta');
INSERT INTO `timezoneTranslation` (`timezoneId`, `langId`, `timezoneName`) VALUES ('Asia/Famagusta', 'en', 'GMT+03:00');
INSERT INTO `timezoneTranslation` (`timezoneId`, `langId`, `timezoneName`) VALUES ('Asia/Famagusta', 'ar', 'GMT + 03: 00');
INSERT INTO `timezone` (`timezoneId`) VALUES ('Asia/Gaza');
INSERT INTO `timezoneTranslation` (`timezoneId`, `langId`, `timezoneName`) VALUES ('Asia/Gaza', 'en', 'Eastern European Time');
INSERT INTO `timezoneTranslation` (`timezoneId`, `langId`, `timezoneName`) VALUES ('Asia/Gaza', 'ar', 'توقيت شرق أوروبا');
INSERT INTO `timezone` (`timezoneId`) VALUES ('Asia/Harbin');
INSERT INTO `timezoneTranslation` (`timezoneId`, `langId`, `timezoneName`) VALUES ('Asia/Harbin', 'en', 'China Standard Time');
INSERT INTO `timezoneTranslation` (`timezoneId`, `langId`, `timezoneName`) VALUES ('Asia/Harbin', 'ar', 'الصين التوقيت الرسمي');
INSERT INTO `timezone` (`timezoneId`) VALUES ('Asia/Hebron');
INSERT INTO `timezoneTranslation` (`timezoneId`, `langId`, `timezoneName`) VALUES ('Asia/Hebron', 'en', 'Eastern European Time');
INSERT INTO `timezoneTranslation` (`timezoneId`, `langId`, `timezoneName`) VALUES ('Asia/Hebron', 'ar', 'توقيت شرق أوروبا');
INSERT INTO `timezone` (`timezoneId`) VALUES ('Asia/Ho_Chi_Minh');
INSERT INTO `timezoneTranslation` (`timezoneId`, `langId`, `timezoneName`) VALUES ('Asia/Ho_Chi_Minh', 'en', 'Indochina Time');
INSERT INTO `timezoneTranslation` (`timezoneId`, `langId`, `timezoneName`) VALUES ('Asia/Ho_Chi_Minh', 'ar', 'الهند الصينية');
INSERT INTO `timezone` (`timezoneId`) VALUES ('Asia/Hong_Kong');
INSERT INTO `timezoneTranslation` (`timezoneId`, `langId`, `timezoneName`) VALUES ('Asia/Hong_Kong', 'en', 'Hong Kong Time');
INSERT INTO `timezoneTranslation` (`timezoneId`, `langId`, `timezoneName`) VALUES ('Asia/Hong_Kong', 'ar', 'توقيت هونج كونج');
INSERT INTO `timezone` (`timezoneId`) VALUES ('Asia/Hovd');
INSERT INTO `timezoneTranslation` (`timezoneId`, `langId`, `timezoneName`) VALUES ('Asia/Hovd', 'en', 'Hovd Time');
INSERT INTO `timezoneTranslation` (`timezoneId`, `langId`, `timezoneName`) VALUES ('Asia/Hovd', 'ar', 'هوفد تايم');
INSERT INTO `timezone` (`timezoneId`) VALUES ('Asia/Irkutsk');
INSERT INTO `timezoneTranslation` (`timezoneId`, `langId`, `timezoneName`) VALUES ('Asia/Irkutsk', 'en', 'Irkutsk Time');
INSERT INTO `timezoneTranslation` (`timezoneId`, `langId`, `timezoneName`) VALUES ('Asia/Irkutsk', 'ar', 'توقيت إيركوتسك');
INSERT INTO `timezone` (`timezoneId`) VALUES ('Asia/Istanbul');
INSERT INTO `timezoneTranslation` (`timezoneId`, `langId`, `timezoneName`) VALUES ('Asia/Istanbul', 'en', 'Eastern European Time');
INSERT INTO `timezoneTranslation` (`timezoneId`, `langId`, `timezoneName`) VALUES ('Asia/Istanbul', 'ar', 'توقيت شرق أوروبا');
INSERT INTO `timezone` (`timezoneId`) VALUES ('Asia/Jakarta');
INSERT INTO `timezoneTranslation` (`timezoneId`, `langId`, `timezoneName`) VALUES ('Asia/Jakarta', 'en', 'West Indonesia Time');
INSERT INTO `timezoneTranslation` (`timezoneId`, `langId`, `timezoneName`) VALUES ('Asia/Jakarta', 'ar', 'توقيت غرب اندونيسيا');
INSERT INTO `timezone` (`timezoneId`) VALUES ('Asia/Jayapura');
INSERT INTO `timezoneTranslation` (`timezoneId`, `langId`, `timezoneName`) VALUES ('Asia/Jayapura', 'en', 'East Indonesia Time');
INSERT INTO `timezoneTranslation` (`timezoneId`, `langId`, `timezoneName`) VALUES ('Asia/Jayapura', 'ar', 'توقيت شرق اندونيسيا');
INSERT INTO `timezone` (`timezoneId`) VALUES ('Asia/Jerusalem');
INSERT INTO `timezoneTranslation` (`timezoneId`, `langId`, `timezoneName`) VALUES ('Asia/Jerusalem', 'en', 'Israel Standard Time');
INSERT INTO `timezoneTranslation` (`timezoneId`, `langId`, `timezoneName`) VALUES ('Asia/Jerusalem', 'ar', 'إسرائيل رسمي');
INSERT INTO `timezone` (`timezoneId`) VALUES ('Asia/Kabul');
INSERT INTO `timezoneTranslation` (`timezoneId`, `langId`, `timezoneName`) VALUES ('Asia/Kabul', 'en', 'Afghanistan Time');
INSERT INTO `timezoneTranslation` (`timezoneId`, `langId`, `timezoneName`) VALUES ('Asia/Kabul', 'ar', 'توقيت أفغانستان');
INSERT INTO `timezone` (`timezoneId`) VALUES ('Asia/Kamchatka');
INSERT INTO `timezoneTranslation` (`timezoneId`, `langId`, `timezoneName`) VALUES ('Asia/Kamchatka', 'en', 'Petropavlovsk-Kamchatski Time');
INSERT INTO `timezoneTranslation` (`timezoneId`, `langId`, `timezoneName`) VALUES ('Asia/Kamchatka', 'ar', 'توقيت بتروبافلوفسك كامتشاتسكي');
INSERT INTO `timezone` (`timezoneId`) VALUES ('Asia/Karachi');
INSERT INTO `timezoneTranslation` (`timezoneId`, `langId`, `timezoneName`) VALUES ('Asia/Karachi', 'en', 'Pakistan Time');
INSERT INTO `timezoneTranslation` (`timezoneId`, `langId`, `timezoneName`) VALUES ('Asia/Karachi', 'ar', 'توقيت باكستان');
INSERT INTO `timezone` (`timezoneId`) VALUES ('Asia/Kashgar');
INSERT INTO `timezoneTranslation` (`timezoneId`, `langId`, `timezoneName`) VALUES ('Asia/Kashgar', 'en', 'Xinjiang Standard Time');
INSERT INTO `timezoneTranslation` (`timezoneId`, `langId`, `timezoneName`) VALUES ('Asia/Kashgar', 'ar', 'شينجيانغ التوقيت الرسمي');
INSERT INTO `timezone` (`timezoneId`) VALUES ('Asia/Kathmandu');
INSERT INTO `timezoneTranslation` (`timezoneId`, `langId`, `timezoneName`) VALUES ('Asia/Kathmandu', 'en', 'Nepal Time');
INSERT INTO `timezoneTranslation` (`timezoneId`, `langId`, `timezoneName`) VALUES ('Asia/Kathmandu', 'ar', 'توقيت نيبال');
INSERT INTO `timezone` (`timezoneId`) VALUES ('Asia/Katmandu');
INSERT INTO `timezoneTranslation` (`timezoneId`, `langId`, `timezoneName`) VALUES ('Asia/Katmandu', 'en', 'Nepal Time');
INSERT INTO `timezoneTranslation` (`timezoneId`, `langId`, `timezoneName`) VALUES ('Asia/Katmandu', 'ar', 'توقيت نيبال');
INSERT INTO `timezone` (`timezoneId`) VALUES ('Asia/Khandyga');
INSERT INTO `timezoneTranslation` (`timezoneId`, `langId`, `timezoneName`) VALUES ('Asia/Khandyga', 'en', 'Yakutsk Time');
INSERT INTO `timezoneTranslation` (`timezoneId`, `langId`, `timezoneName`) VALUES ('Asia/Khandyga', 'ar', 'ياكوتسك الوقت');
INSERT INTO `timezone` (`timezoneId`) VALUES ('Asia/Kolkata');
INSERT INTO `timezoneTranslation` (`timezoneId`, `langId`, `timezoneName`) VALUES ('Asia/Kolkata', 'en', 'India Standard Time');
INSERT INTO `timezoneTranslation` (`timezoneId`, `langId`, `timezoneName`) VALUES ('Asia/Kolkata', 'ar', 'توقيت الهند الرسمي');
INSERT INTO `timezone` (`timezoneId`) VALUES ('Asia/Krasnoyarsk');
INSERT INTO `timezoneTranslation` (`timezoneId`, `langId`, `timezoneName`) VALUES ('Asia/Krasnoyarsk', 'en', 'Krasnoyarsk Time');
INSERT INTO `timezoneTranslation` (`timezoneId`, `langId`, `timezoneName`) VALUES ('Asia/Krasnoyarsk', 'ar', 'توقيت كراسنويارسك');
INSERT INTO `timezone` (`timezoneId`) VALUES ('Asia/Kuala_Lumpur');
INSERT INTO `timezoneTranslation` (`timezoneId`, `langId`, `timezoneName`) VALUES ('Asia/Kuala_Lumpur', 'en', 'Malaysia Time');
INSERT INTO `timezoneTranslation` (`timezoneId`, `langId`, `timezoneName`) VALUES ('Asia/Kuala_Lumpur', 'ar', 'توقيت ماليزيا');
INSERT INTO `timezone` (`timezoneId`) VALUES ('Asia/Kuching');
INSERT INTO `timezoneTranslation` (`timezoneId`, `langId`, `timezoneName`) VALUES ('Asia/Kuching', 'en', 'Malaysia Time');
INSERT INTO `timezoneTranslation` (`timezoneId`, `langId`, `timezoneName`) VALUES ('Asia/Kuching', 'ar', 'توقيت ماليزيا');
INSERT INTO `timezone` (`timezoneId`) VALUES ('Asia/Kuwait');
INSERT INTO `timezoneTranslation` (`timezoneId`, `langId`, `timezoneName`) VALUES ('Asia/Kuwait', 'en', 'Arabia Standard Time');
INSERT INTO `timezoneTranslation` (`timezoneId`, `langId`, `timezoneName`) VALUES ('Asia/Kuwait', 'ar', 'العربية الموحدة');
INSERT INTO `timezone` (`timezoneId`) VALUES ('Asia/Macao');
INSERT INTO `timezoneTranslation` (`timezoneId`, `langId`, `timezoneName`) VALUES ('Asia/Macao', 'en', 'China Standard Time');
INSERT INTO `timezoneTranslation` (`timezoneId`, `langId`, `timezoneName`) VALUES ('Asia/Macao', 'ar', 'الصين التوقيت الرسمي');
INSERT INTO `timezone` (`timezoneId`) VALUES ('Asia/Macau');
INSERT INTO `timezoneTranslation` (`timezoneId`, `langId`, `timezoneName`) VALUES ('Asia/Macau', 'en', 'China Standard Time');
INSERT INTO `timezoneTranslation` (`timezoneId`, `langId`, `timezoneName`) VALUES ('Asia/Macau', 'ar', 'الصين التوقيت الرسمي');
INSERT INTO `timezone` (`timezoneId`) VALUES ('Asia/Magadan');
INSERT INTO `timezoneTranslation` (`timezoneId`, `langId`, `timezoneName`) VALUES ('Asia/Magadan', 'en', 'Magadan Time');
INSERT INTO `timezoneTranslation` (`timezoneId`, `langId`, `timezoneName`) VALUES ('Asia/Magadan', 'ar', 'وقت ماجادان');
INSERT INTO `timezone` (`timezoneId`) VALUES ('Asia/Makassar');
INSERT INTO `timezoneTranslation` (`timezoneId`, `langId`, `timezoneName`) VALUES ('Asia/Makassar', 'en', 'Central Indonesia Time');
INSERT INTO `timezoneTranslation` (`timezoneId`, `langId`, `timezoneName`) VALUES ('Asia/Makassar', 'ar', 'وسط اندونيسيا الوقت');
INSERT INTO `timezone` (`timezoneId`) VALUES ('Asia/Manila');
INSERT INTO `timezoneTranslation` (`timezoneId`, `langId`, `timezoneName`) VALUES ('Asia/Manila', 'en', 'Philippines Time');
INSERT INTO `timezoneTranslation` (`timezoneId`, `langId`, `timezoneName`) VALUES ('Asia/Manila', 'ar', 'توقيت الفلبين');
INSERT INTO `timezone` (`timezoneId`) VALUES ('Asia/Muscat');
INSERT INTO `timezoneTranslation` (`timezoneId`, `langId`, `timezoneName`) VALUES ('Asia/Muscat', 'en', 'Gulf Standard Time');
INSERT INTO `timezoneTranslation` (`timezoneId`, `langId`, `timezoneName`) VALUES ('Asia/Muscat', 'ar', 'التوقيت الرسمي الخليجي');
INSERT INTO `timezone` (`timezoneId`) VALUES ('Asia/Nicosia');
INSERT INTO `timezoneTranslation` (`timezoneId`, `langId`, `timezoneName`) VALUES ('Asia/Nicosia', 'en', 'Eastern European Time');
INSERT INTO `timezoneTranslation` (`timezoneId`, `langId`, `timezoneName`) VALUES ('Asia/Nicosia', 'ar', 'توقيت شرق أوروبا');
INSERT INTO `timezone` (`timezoneId`) VALUES ('Asia/Novokuznetsk');
INSERT INTO `timezoneTranslation` (`timezoneId`, `langId`, `timezoneName`) VALUES ('Asia/Novokuznetsk', 'en', 'Krasnoyarsk Time');
INSERT INTO `timezoneTranslation` (`timezoneId`, `langId`, `timezoneName`) VALUES ('Asia/Novokuznetsk', 'ar', 'توقيت كراسنويارسك');
INSERT INTO `timezone` (`timezoneId`) VALUES ('Asia/Novosibirsk');
INSERT INTO `timezoneTranslation` (`timezoneId`, `langId`, `timezoneName`) VALUES ('Asia/Novosibirsk', 'en', 'Novosibirsk Time');
INSERT INTO `timezoneTranslation` (`timezoneId`, `langId`, `timezoneName`) VALUES ('Asia/Novosibirsk', 'ar', 'نوفوسيبيرسك الوقت');
INSERT INTO `timezone` (`timezoneId`) VALUES ('Asia/Omsk');
INSERT INTO `timezoneTranslation` (`timezoneId`, `langId`, `timezoneName`) VALUES ('Asia/Omsk', 'en', 'Omsk Time');
INSERT INTO `timezoneTranslation` (`timezoneId`, `langId`, `timezoneName`) VALUES ('Asia/Omsk', 'ar', 'وقت أومسك');
INSERT INTO `timezone` (`timezoneId`) VALUES ('Asia/Oral');
INSERT INTO `timezoneTranslation` (`timezoneId`, `langId`, `timezoneName`) VALUES ('Asia/Oral', 'en', 'Oral Time');
INSERT INTO `timezoneTranslation` (`timezoneId`, `langId`, `timezoneName`) VALUES ('Asia/Oral', 'ar', 'وقت الشفوي');
INSERT INTO `timezone` (`timezoneId`) VALUES ('Asia/Phnom_Penh');
INSERT INTO `timezoneTranslation` (`timezoneId`, `langId`, `timezoneName`) VALUES ('Asia/Phnom_Penh', 'en', 'Indochina Time');
INSERT INTO `timezoneTranslation` (`timezoneId`, `langId`, `timezoneName`) VALUES ('Asia/Phnom_Penh', 'ar', 'الهند الصينية');
INSERT INTO `timezone` (`timezoneId`) VALUES ('Asia/Pontianak');
INSERT INTO `timezoneTranslation` (`timezoneId`, `langId`, `timezoneName`) VALUES ('Asia/Pontianak', 'en', 'West Indonesia Time');
INSERT INTO `timezoneTranslation` (`timezoneId`, `langId`, `timezoneName`) VALUES ('Asia/Pontianak', 'ar', 'توقيت غرب اندونيسيا');
INSERT INTO `timezone` (`timezoneId`) VALUES ('Asia/Pyongyang');
INSERT INTO `timezoneTranslation` (`timezoneId`, `langId`, `timezoneName`) VALUES ('Asia/Pyongyang', 'en', 'Korea Standard Time');
INSERT INTO `timezoneTranslation` (`timezoneId`, `langId`, `timezoneName`) VALUES ('Asia/Pyongyang', 'ar', 'توقيت كوريا الرسمي');
INSERT INTO `timezone` (`timezoneId`) VALUES ('Asia/Qatar');
INSERT INTO `timezoneTranslation` (`timezoneId`, `langId`, `timezoneName`) VALUES ('Asia/Qatar', 'en', 'Arabia Standard Time');
INSERT INTO `timezoneTranslation` (`timezoneId`, `langId`, `timezoneName`) VALUES ('Asia/Qatar', 'ar', 'العربية الموحدة');
INSERT INTO `timezone` (`timezoneId`) VALUES ('Asia/Qyzylorda');
INSERT INTO `timezoneTranslation` (`timezoneId`, `langId`, `timezoneName`) VALUES ('Asia/Qyzylorda', 'en', 'Qyzylorda Time');
INSERT INTO `timezoneTranslation` (`timezoneId`, `langId`, `timezoneName`) VALUES ('Asia/Qyzylorda', 'ar', 'Qyzylorda الوقت');
INSERT INTO `timezone` (`timezoneId`) VALUES ('Asia/Rangoon');
INSERT INTO `timezoneTranslation` (`timezoneId`, `langId`, `timezoneName`) VALUES ('Asia/Rangoon', 'en', 'Myanmar Time');
INSERT INTO `timezoneTranslation` (`timezoneId`, `langId`, `timezoneName`) VALUES ('Asia/Rangoon', 'ar', 'توقيت ميانمار');
INSERT INTO `timezone` (`timezoneId`) VALUES ('Asia/Riyadh');
INSERT INTO `timezoneTranslation` (`timezoneId`, `langId`, `timezoneName`) VALUES ('Asia/Riyadh', 'en', 'Arabia Standard Time');
INSERT INTO `timezoneTranslation` (`timezoneId`, `langId`, `timezoneName`) VALUES ('Asia/Riyadh', 'ar', 'العربية الموحدة');
INSERT INTO `timezone` (`timezoneId`) VALUES ('Asia/Saigon');
INSERT INTO `timezoneTranslation` (`timezoneId`, `langId`, `timezoneName`) VALUES ('Asia/Saigon', 'en', 'Indochina Time');
INSERT INTO `timezoneTranslation` (`timezoneId`, `langId`, `timezoneName`) VALUES ('Asia/Saigon', 'ar', 'الهند الصينية');
INSERT INTO `timezone` (`timezoneId`) VALUES ('Asia/Sakhalin');
INSERT INTO `timezoneTranslation` (`timezoneId`, `langId`, `timezoneName`) VALUES ('Asia/Sakhalin', 'en', 'Sakhalin Time');
INSERT INTO `timezoneTranslation` (`timezoneId`, `langId`, `timezoneName`) VALUES ('Asia/Sakhalin', 'ar', 'سخالين الوقت');
INSERT INTO `timezone` (`timezoneId`) VALUES ('Asia/Samarkand');
INSERT INTO `timezoneTranslation` (`timezoneId`, `langId`, `timezoneName`) VALUES ('Asia/Samarkand', 'en', 'Uzbekistan Time');
INSERT INTO `timezoneTranslation` (`timezoneId`, `langId`, `timezoneName`) VALUES ('Asia/Samarkand', 'ar', 'توقيت أوزبكستان');
INSERT INTO `timezone` (`timezoneId`) VALUES ('Asia/Seoul');
INSERT INTO `timezoneTranslation` (`timezoneId`, `langId`, `timezoneName`) VALUES ('Asia/Seoul', 'en', 'Korea Standard Time');
INSERT INTO `timezoneTranslation` (`timezoneId`, `langId`, `timezoneName`) VALUES ('Asia/Seoul', 'ar', 'توقيت كوريا الرسمي');
INSERT INTO `timezone` (`timezoneId`) VALUES ('Asia/Shanghai');
INSERT INTO `timezoneTranslation` (`timezoneId`, `langId`, `timezoneName`) VALUES ('Asia/Shanghai', 'en', 'China Standard Time');
INSERT INTO `timezoneTranslation` (`timezoneId`, `langId`, `timezoneName`) VALUES ('Asia/Shanghai', 'ar', 'الصين التوقيت الرسمي');
INSERT INTO `timezone` (`timezoneId`) VALUES ('Asia/Singapore');
INSERT INTO `timezoneTranslation` (`timezoneId`, `langId`, `timezoneName`) VALUES ('Asia/Singapore', 'en', 'Singapore Time');
INSERT INTO `timezoneTranslation` (`timezoneId`, `langId`, `timezoneName`) VALUES ('Asia/Singapore', 'ar', 'توقيت سنغافورة');
INSERT INTO `timezone` (`timezoneId`) VALUES ('Asia/Srednekolymsk');
INSERT INTO `timezoneTranslation` (`timezoneId`, `langId`, `timezoneName`) VALUES ('Asia/Srednekolymsk', 'en', 'Srednekolymsk Time');
INSERT INTO `timezoneTranslation` (`timezoneId`, `langId`, `timezoneName`) VALUES ('Asia/Srednekolymsk', 'ar', 'توقيت Srednekolymsk');
INSERT INTO `timezone` (`timezoneId`) VALUES ('Asia/Taipei');
INSERT INTO `timezoneTranslation` (`timezoneId`, `langId`, `timezoneName`) VALUES ('Asia/Taipei', 'en', 'China Standard Time');
INSERT INTO `timezoneTranslation` (`timezoneId`, `langId`, `timezoneName`) VALUES ('Asia/Taipei', 'ar', 'الصين التوقيت الرسمي');
INSERT INTO `timezone` (`timezoneId`) VALUES ('Asia/Tashkent');
INSERT INTO `timezoneTranslation` (`timezoneId`, `langId`, `timezoneName`) VALUES ('Asia/Tashkent', 'en', 'Uzbekistan Time');
INSERT INTO `timezoneTranslation` (`timezoneId`, `langId`, `timezoneName`) VALUES ('Asia/Tashkent', 'ar', 'توقيت أوزبكستان');
INSERT INTO `timezone` (`timezoneId`) VALUES ('Asia/Tbilisi');
INSERT INTO `timezoneTranslation` (`timezoneId`, `langId`, `timezoneName`) VALUES ('Asia/Tbilisi', 'en', 'Georgia Time');
INSERT INTO `timezoneTranslation` (`timezoneId`, `langId`, `timezoneName`) VALUES ('Asia/Tbilisi', 'ar', 'توقيت جورجيا');
INSERT INTO `timezone` (`timezoneId`) VALUES ('Asia/Tehran');
INSERT INTO `timezoneTranslation` (`timezoneId`, `langId`, `timezoneName`) VALUES ('Asia/Tehran', 'en', 'Iran Standard Time');
INSERT INTO `timezoneTranslation` (`timezoneId`, `langId`, `timezoneName`) VALUES ('Asia/Tehran', 'ar', 'توقيت إيران الرسمي');
INSERT INTO `timezone` (`timezoneId`) VALUES ('Asia/Tel_Aviv');
INSERT INTO `timezoneTranslation` (`timezoneId`, `langId`, `timezoneName`) VALUES ('Asia/Tel_Aviv', 'en', 'Israel Standard Time');
INSERT INTO `timezoneTranslation` (`timezoneId`, `langId`, `timezoneName`) VALUES ('Asia/Tel_Aviv', 'ar', 'إسرائيل رسمي');
INSERT INTO `timezone` (`timezoneId`) VALUES ('Asia/Thimbu');
INSERT INTO `timezoneTranslation` (`timezoneId`, `langId`, `timezoneName`) VALUES ('Asia/Thimbu', 'en', 'Bhutan Time');
INSERT INTO `timezoneTranslation` (`timezoneId`, `langId`, `timezoneName`) VALUES ('Asia/Thimbu', 'ar', 'بوتان الوقت');
INSERT INTO `timezone` (`timezoneId`) VALUES ('Asia/Thimphu');
INSERT INTO `timezoneTranslation` (`timezoneId`, `langId`, `timezoneName`) VALUES ('Asia/Thimphu', 'en', 'Bhutan Time');
INSERT INTO `timezoneTranslation` (`timezoneId`, `langId`, `timezoneName`) VALUES ('Asia/Thimphu', 'ar', 'بوتان الوقت');
INSERT INTO `timezone` (`timezoneId`) VALUES ('Asia/Tokyo');
INSERT INTO `timezoneTranslation` (`timezoneId`, `langId`, `timezoneName`) VALUES ('Asia/Tokyo', 'en', 'Japan Standard Time');
INSERT INTO `timezoneTranslation` (`timezoneId`, `langId`, `timezoneName`) VALUES ('Asia/Tokyo', 'ar', 'توقيت اليابان الرسمي');
INSERT INTO `timezone` (`timezoneId`) VALUES ('Asia/Tomsk');
INSERT INTO `timezoneTranslation` (`timezoneId`, `langId`, `timezoneName`) VALUES ('Asia/Tomsk', 'en', 'GMT+07:00');
INSERT INTO `timezoneTranslation` (`timezoneId`, `langId`, `timezoneName`) VALUES ('Asia/Tomsk', 'ar', 'GMT + 07: 00');
INSERT INTO `timezone` (`timezoneId`) VALUES ('Asia/Ujung_Pandang');
INSERT INTO `timezoneTranslation` (`timezoneId`, `langId`, `timezoneName`) VALUES ('Asia/Ujung_Pandang', 'en', 'Central Indonesia Time');
INSERT INTO `timezoneTranslation` (`timezoneId`, `langId`, `timezoneName`) VALUES ('Asia/Ujung_Pandang', 'ar', 'وسط اندونيسيا الوقت');
INSERT INTO `timezone` (`timezoneId`) VALUES ('Asia/Ulaanbaatar');
INSERT INTO `timezoneTranslation` (`timezoneId`, `langId`, `timezoneName`) VALUES ('Asia/Ulaanbaatar', 'en', 'Ulaanbaatar Time');
INSERT INTO `timezoneTranslation` (`timezoneId`, `langId`, `timezoneName`) VALUES ('Asia/Ulaanbaatar', 'ar', 'توقيت أولان باتور');
INSERT INTO `timezone` (`timezoneId`) VALUES ('Asia/Ulan_Bator');
INSERT INTO `timezoneTranslation` (`timezoneId`, `langId`, `timezoneName`) VALUES ('Asia/Ulan_Bator', 'en', 'Ulaanbaatar Time');
INSERT INTO `timezoneTranslation` (`timezoneId`, `langId`, `timezoneName`) VALUES ('Asia/Ulan_Bator', 'ar', 'توقيت أولان باتور');
INSERT INTO `timezone` (`timezoneId`) VALUES ('Asia/Urumqi');
INSERT INTO `timezoneTranslation` (`timezoneId`, `langId`, `timezoneName`) VALUES ('Asia/Urumqi', 'en', 'Xinjiang Standard Time');
INSERT INTO `timezoneTranslation` (`timezoneId`, `langId`, `timezoneName`) VALUES ('Asia/Urumqi', 'ar', 'شينجيانغ التوقيت الرسمي');
INSERT INTO `timezone` (`timezoneId`) VALUES ('Asia/Ust-Nera');
INSERT INTO `timezoneTranslation` (`timezoneId`, `langId`, `timezoneName`) VALUES ('Asia/Ust-Nera', 'en', 'Ust-Nera Time');
INSERT INTO `timezoneTranslation` (`timezoneId`, `langId`, `timezoneName`) VALUES ('Asia/Ust-Nera', 'ar', 'توقيت أوست نيرا');
INSERT INTO `timezone` (`timezoneId`) VALUES ('Asia/Vientiane');
INSERT INTO `timezoneTranslation` (`timezoneId`, `langId`, `timezoneName`) VALUES ('Asia/Vientiane', 'en', 'Indochina Time');
INSERT INTO `timezoneTranslation` (`timezoneId`, `langId`, `timezoneName`) VALUES ('Asia/Vientiane', 'ar', 'الهند الصينية');
INSERT INTO `timezone` (`timezoneId`) VALUES ('Asia/Vladivostok');
INSERT INTO `timezoneTranslation` (`timezoneId`, `langId`, `timezoneName`) VALUES ('Asia/Vladivostok', 'en', 'Vladivostok Time');
INSERT INTO `timezoneTranslation` (`timezoneId`, `langId`, `timezoneName`) VALUES ('Asia/Vladivostok', 'ar', 'فلاديفوستوك الوقت');
INSERT INTO `timezone` (`timezoneId`) VALUES ('Asia/Yakutsk');
INSERT INTO `timezoneTranslation` (`timezoneId`, `langId`, `timezoneName`) VALUES ('Asia/Yakutsk', 'en', 'Yakutsk Time');
INSERT INTO `timezoneTranslation` (`timezoneId`, `langId`, `timezoneName`) VALUES ('Asia/Yakutsk', 'ar', 'ياكوتسك الوقت');
INSERT INTO `timezone` (`timezoneId`) VALUES ('Asia/Yangon');
INSERT INTO `timezoneTranslation` (`timezoneId`, `langId`, `timezoneName`) VALUES ('Asia/Yangon', 'en', 'Myanmar Time');
INSERT INTO `timezoneTranslation` (`timezoneId`, `langId`, `timezoneName`) VALUES ('Asia/Yangon', 'ar', 'توقيت ميانمار');
INSERT INTO `timezone` (`timezoneId`) VALUES ('Asia/Yekaterinburg');
INSERT INTO `timezoneTranslation` (`timezoneId`, `langId`, `timezoneName`) VALUES ('Asia/Yekaterinburg', 'en', 'Yekaterinburg Time');
INSERT INTO `timezoneTranslation` (`timezoneId`, `langId`, `timezoneName`) VALUES ('Asia/Yekaterinburg', 'ar', 'توقيت يكاترينبورغ');
INSERT INTO `timezone` (`timezoneId`) VALUES ('Asia/Yerevan');
INSERT INTO `timezoneTranslation` (`timezoneId`, `langId`, `timezoneName`) VALUES ('Asia/Yerevan', 'en', 'Armenia Time');
INSERT INTO `timezoneTranslation` (`timezoneId`, `langId`, `timezoneName`) VALUES ('Asia/Yerevan', 'ar', 'توقيت أرمينيا');
INSERT INTO `timezone` (`timezoneId`) VALUES ('Atlantic/Azores');
INSERT INTO `timezoneTranslation` (`timezoneId`, `langId`, `timezoneName`) VALUES ('Atlantic/Azores', 'en', 'Azores Time');
INSERT INTO `timezoneTranslation` (`timezoneId`, `langId`, `timezoneName`) VALUES ('Atlantic/Azores', 'ar', 'وقت الأزور');
INSERT INTO `timezone` (`timezoneId`) VALUES ('Atlantic/Bermuda');
INSERT INTO `timezoneTranslation` (`timezoneId`, `langId`, `timezoneName`) VALUES ('Atlantic/Bermuda', 'en', 'Atlantic Standard Time');
INSERT INTO `timezoneTranslation` (`timezoneId`, `langId`, `timezoneName`) VALUES ('Atlantic/Bermuda', 'ar', 'توقيت المحيط الأطلسي');
INSERT INTO `timezone` (`timezoneId`) VALUES ('Atlantic/Canary');
INSERT INTO `timezoneTranslation` (`timezoneId`, `langId`, `timezoneName`) VALUES ('Atlantic/Canary', 'en', 'Western European Time');
INSERT INTO `timezoneTranslation` (`timezoneId`, `langId`, `timezoneName`) VALUES ('Atlantic/Canary', 'ar', 'توقيت غرب أوروبا');
INSERT INTO `timezone` (`timezoneId`) VALUES ('Atlantic/Cape_Verde');
INSERT INTO `timezoneTranslation` (`timezoneId`, `langId`, `timezoneName`) VALUES ('Atlantic/Cape_Verde', 'en', 'Cape Verde Time');
INSERT INTO `timezoneTranslation` (`timezoneId`, `langId`, `timezoneName`) VALUES ('Atlantic/Cape_Verde', 'ar', 'وقت الرأس الاخضر');
INSERT INTO `timezone` (`timezoneId`) VALUES ('Atlantic/Faeroe');
INSERT INTO `timezoneTranslation` (`timezoneId`, `langId`, `timezoneName`) VALUES ('Atlantic/Faeroe', 'en', 'Western European Time');
INSERT INTO `timezoneTranslation` (`timezoneId`, `langId`, `timezoneName`) VALUES ('Atlantic/Faeroe', 'ar', 'توقيت غرب أوروبا');
INSERT INTO `timezone` (`timezoneId`) VALUES ('Atlantic/Faroe');
INSERT INTO `timezoneTranslation` (`timezoneId`, `langId`, `timezoneName`) VALUES ('Atlantic/Faroe', 'en', 'Western European Time');
INSERT INTO `timezoneTranslation` (`timezoneId`, `langId`, `timezoneName`) VALUES ('Atlantic/Faroe', 'ar', 'توقيت غرب أوروبا');
INSERT INTO `timezone` (`timezoneId`) VALUES ('Atlantic/Jan_Mayen');
INSERT INTO `timezoneTranslation` (`timezoneId`, `langId`, `timezoneName`) VALUES ('Atlantic/Jan_Mayen', 'en', 'Central European Time');
INSERT INTO `timezoneTranslation` (`timezoneId`, `langId`, `timezoneName`) VALUES ('Atlantic/Jan_Mayen', 'ar', 'توقيت وسط أوروبا');
INSERT INTO `timezone` (`timezoneId`) VALUES ('Atlantic/Madeira');
INSERT INTO `timezoneTranslation` (`timezoneId`, `langId`, `timezoneName`) VALUES ('Atlantic/Madeira', 'en', 'Western European Time');
INSERT INTO `timezoneTranslation` (`timezoneId`, `langId`, `timezoneName`) VALUES ('Atlantic/Madeira', 'ar', 'توقيت غرب أوروبا');
INSERT INTO `timezone` (`timezoneId`) VALUES ('Atlantic/Reykjavik');
INSERT INTO `timezoneTranslation` (`timezoneId`, `langId`, `timezoneName`) VALUES ('Atlantic/Reykjavik', 'en', 'Greenwich Mean Time');
INSERT INTO `timezoneTranslation` (`timezoneId`, `langId`, `timezoneName`) VALUES ('Atlantic/Reykjavik', 'ar', 'توقيت غرينيتش');
INSERT INTO `timezone` (`timezoneId`) VALUES ('Atlantic/South_Georgia');
INSERT INTO `timezoneTranslation` (`timezoneId`, `langId`, `timezoneName`) VALUES ('Atlantic/South_Georgia', 'en', 'South Georgia Standard Time');
INSERT INTO `timezoneTranslation` (`timezoneId`, `langId`, `timezoneName`) VALUES ('Atlantic/South_Georgia', 'ar', 'توقيت جورجيا الجنوبية');
INSERT INTO `timezone` (`timezoneId`) VALUES ('Atlantic/St_Helena');
INSERT INTO `timezoneTranslation` (`timezoneId`, `langId`, `timezoneName`) VALUES ('Atlantic/St_Helena', 'en', 'Greenwich Mean Time');
INSERT INTO `timezoneTranslation` (`timezoneId`, `langId`, `timezoneName`) VALUES ('Atlantic/St_Helena', 'ar', 'توقيت غرينيتش');
INSERT INTO `timezone` (`timezoneId`) VALUES ('Atlantic/Stanley');
INSERT INTO `timezoneTranslation` (`timezoneId`, `langId`, `timezoneName`) VALUES ('Atlantic/Stanley', 'en', 'Falkland Is. Time');
INSERT INTO `timezoneTranslation` (`timezoneId`, `langId`, `timezoneName`) VALUES ('Atlantic/Stanley', 'ar', 'فوكلاند هو. زمن');
INSERT INTO `timezone` (`timezoneId`) VALUES ('Australia/ACT');
INSERT INTO `timezoneTranslation` (`timezoneId`, `langId`, `timezoneName`) VALUES ('Australia/ACT', 'en', 'Australian Eastern Standard Time (New South Wales)');
INSERT INTO `timezoneTranslation` (`timezoneId`, `langId`, `timezoneName`) VALUES ('Australia/ACT', 'ar', 'التوقيت الرسمي لأستراليا الشرقية (نيو ساوث ويلز)');
INSERT INTO `timezone` (`timezoneId`) VALUES ('Australia/Adelaide');
INSERT INTO `timezoneTranslation` (`timezoneId`, `langId`, `timezoneName`) VALUES ('Australia/Adelaide', 'en', 'Australian Central Standard Time (South Australia)');
INSERT INTO `timezoneTranslation` (`timezoneId`, `langId`, `timezoneName`) VALUES ('Australia/Adelaide', 'ar', 'التوقيت الرسمي المركزي الأسترالي (جنوب أستراليا)');
INSERT INTO `timezone` (`timezoneId`) VALUES ('Australia/Brisbane');
INSERT INTO `timezoneTranslation` (`timezoneId`, `langId`, `timezoneName`) VALUES ('Australia/Brisbane', 'en', 'Australian Eastern Standard Time (Queensland)');
INSERT INTO `timezoneTranslation` (`timezoneId`, `langId`, `timezoneName`) VALUES ('Australia/Brisbane', 'ar', 'التوقيت الرسمي لأستراليا الشرقية (كوينزلاند)');
INSERT INTO `timezone` (`timezoneId`) VALUES ('Australia/Broken_Hill');
INSERT INTO `timezoneTranslation` (`timezoneId`, `langId`, `timezoneName`) VALUES ('Australia/Broken_Hill', 'en', 'Australian Central Standard Time (South Australia/New South Wales)');
INSERT INTO `timezoneTranslation` (`timezoneId`, `langId`, `timezoneName`) VALUES ('Australia/Broken_Hill', 'ar', 'التوقيت الرسمي المركزي الأسترالي (جنوب أستراليا / نيو ساوث ويلز)');
INSERT INTO `timezone` (`timezoneId`) VALUES ('Australia/Canberra');
INSERT INTO `timezoneTranslation` (`timezoneId`, `langId`, `timezoneName`) VALUES ('Australia/Canberra', 'en', 'Australian Eastern Standard Time (New South Wales)');
INSERT INTO `timezoneTranslation` (`timezoneId`, `langId`, `timezoneName`) VALUES ('Australia/Canberra', 'ar', 'التوقيت الرسمي لأستراليا الشرقية (نيو ساوث ويلز)');
INSERT INTO `timezone` (`timezoneId`) VALUES ('Australia/Currie');
INSERT INTO `timezoneTranslation` (`timezoneId`, `langId`, `timezoneName`) VALUES ('Australia/Currie', 'en', 'Australian Eastern Standard Time (New South Wales)');
INSERT INTO `timezoneTranslation` (`timezoneId`, `langId`, `timezoneName`) VALUES ('Australia/Currie', 'ar', 'التوقيت الرسمي لأستراليا الشرقية (نيو ساوث ويلز)');
INSERT INTO `timezone` (`timezoneId`) VALUES ('Australia/Darwin');
INSERT INTO `timezoneTranslation` (`timezoneId`, `langId`, `timezoneName`) VALUES ('Australia/Darwin', 'en', 'Australian Central Standard Time (Northern Territory)');
INSERT INTO `timezoneTranslation` (`timezoneId`, `langId`, `timezoneName`) VALUES ('Australia/Darwin', 'ar', 'التوقيت الرسمي المركزي الأسترالي (الإقليم الشمالي)');
INSERT INTO `timezone` (`timezoneId`) VALUES ('Australia/Eucla');
INSERT INTO `timezoneTranslation` (`timezoneId`, `langId`, `timezoneName`) VALUES ('Australia/Eucla', 'en', 'Australian Central Western Standard Time');
INSERT INTO `timezoneTranslation` (`timezoneId`, `langId`, `timezoneName`) VALUES ('Australia/Eucla', 'ar', 'التوقيت الرسمي الأسترالي المركزي الغربي');
INSERT INTO `timezone` (`timezoneId`) VALUES ('Australia/Hobart');
INSERT INTO `timezoneTranslation` (`timezoneId`, `langId`, `timezoneName`) VALUES ('Australia/Hobart', 'en', 'Australian Eastern Standard Time (Tasmania)');
INSERT INTO `timezoneTranslation` (`timezoneId`, `langId`, `timezoneName`) VALUES ('Australia/Hobart', 'ar', 'التوقيت الرسمي لأستراليا الشرقية (تسمانيا)');
INSERT INTO `timezone` (`timezoneId`) VALUES ('Australia/LHI');
INSERT INTO `timezoneTranslation` (`timezoneId`, `langId`, `timezoneName`) VALUES ('Australia/LHI', 'en', 'Lord Howe Standard Time');
INSERT INTO `timezoneTranslation` (`timezoneId`, `langId`, `timezoneName`) VALUES ('Australia/LHI', 'ar', 'اللورد هاو التوقيت الرسمي');
INSERT INTO `timezone` (`timezoneId`) VALUES ('Australia/Lindeman');
INSERT INTO `timezoneTranslation` (`timezoneId`, `langId`, `timezoneName`) VALUES ('Australia/Lindeman', 'en', 'Australian Eastern Standard Time (Queensland)');
INSERT INTO `timezoneTranslation` (`timezoneId`, `langId`, `timezoneName`) VALUES ('Australia/Lindeman', 'ar', 'التوقيت الرسمي لأستراليا الشرقية (كوينزلاند)');
INSERT INTO `timezone` (`timezoneId`) VALUES ('Australia/Lord_Howe');
INSERT INTO `timezoneTranslation` (`timezoneId`, `langId`, `timezoneName`) VALUES ('Australia/Lord_Howe', 'en', 'Lord Howe Standard Time');
INSERT INTO `timezoneTranslation` (`timezoneId`, `langId`, `timezoneName`) VALUES ('Australia/Lord_Howe', 'ar', 'اللورد هاو التوقيت الرسمي');
INSERT INTO `timezone` (`timezoneId`) VALUES ('Australia/Melbourne');
INSERT INTO `timezoneTranslation` (`timezoneId`, `langId`, `timezoneName`) VALUES ('Australia/Melbourne', 'en', 'Australian Eastern Standard Time (Victoria)');
INSERT INTO `timezoneTranslation` (`timezoneId`, `langId`, `timezoneName`) VALUES ('Australia/Melbourne', 'ar', 'التوقيت الرسمي لأستراليا الشرقية (فيكتوريا)');
INSERT INTO `timezone` (`timezoneId`) VALUES ('Australia/NSW');
INSERT INTO `timezoneTranslation` (`timezoneId`, `langId`, `timezoneName`) VALUES ('Australia/NSW', 'en', 'Australian Eastern Standard Time (New South Wales)');
INSERT INTO `timezoneTranslation` (`timezoneId`, `langId`, `timezoneName`) VALUES ('Australia/NSW', 'ar', 'التوقيت الرسمي لأستراليا الشرقية (نيو ساوث ويلز)');
INSERT INTO `timezone` (`timezoneId`) VALUES ('Australia/North');
INSERT INTO `timezoneTranslation` (`timezoneId`, `langId`, `timezoneName`) VALUES ('Australia/North', 'en', 'Australian Central Standard Time (Northern Territory)');
INSERT INTO `timezoneTranslation` (`timezoneId`, `langId`, `timezoneName`) VALUES ('Australia/North', 'ar', 'التوقيت الرسمي المركزي الأسترالي (الإقليم الشمالي)');
INSERT INTO `timezone` (`timezoneId`) VALUES ('Australia/Perth');
INSERT INTO `timezoneTranslation` (`timezoneId`, `langId`, `timezoneName`) VALUES ('Australia/Perth', 'en', 'Australian Western Standard Time');
INSERT INTO `timezoneTranslation` (`timezoneId`, `langId`, `timezoneName`) VALUES ('Australia/Perth', 'ar', 'التوقيت الاسترالي الغربي الرسمي');
INSERT INTO `timezone` (`timezoneId`) VALUES ('Australia/Queensland');
INSERT INTO `timezoneTranslation` (`timezoneId`, `langId`, `timezoneName`) VALUES ('Australia/Queensland', 'en', 'Australian Eastern Standard Time (Queensland)');
INSERT INTO `timezoneTranslation` (`timezoneId`, `langId`, `timezoneName`) VALUES ('Australia/Queensland', 'ar', 'التوقيت الرسمي لأستراليا الشرقية (كوينزلاند)');
INSERT INTO `timezone` (`timezoneId`) VALUES ('Australia/South');
INSERT INTO `timezoneTranslation` (`timezoneId`, `langId`, `timezoneName`) VALUES ('Australia/South', 'en', 'Australian Central Standard Time (South Australia)');
INSERT INTO `timezoneTranslation` (`timezoneId`, `langId`, `timezoneName`) VALUES ('Australia/South', 'ar', 'التوقيت الرسمي المركزي الأسترالي (جنوب أستراليا)');
INSERT INTO `timezone` (`timezoneId`) VALUES ('Australia/Sydney');
INSERT INTO `timezoneTranslation` (`timezoneId`, `langId`, `timezoneName`) VALUES ('Australia/Sydney', 'en', 'Australian Eastern Standard Time (New South Wales)');
INSERT INTO `timezoneTranslation` (`timezoneId`, `langId`, `timezoneName`) VALUES ('Australia/Sydney', 'ar', 'التوقيت الرسمي لأستراليا الشرقية (نيو ساوث ويلز)');
INSERT INTO `timezone` (`timezoneId`) VALUES ('Australia/Tasmania');
INSERT INTO `timezoneTranslation` (`timezoneId`, `langId`, `timezoneName`) VALUES ('Australia/Tasmania', 'en', 'Australian Eastern Standard Time (Tasmania)');
INSERT INTO `timezoneTranslation` (`timezoneId`, `langId`, `timezoneName`) VALUES ('Australia/Tasmania', 'ar', 'التوقيت الرسمي لأستراليا الشرقية (تسمانيا)');
INSERT INTO `timezone` (`timezoneId`) VALUES ('Australia/Victoria');
INSERT INTO `timezoneTranslation` (`timezoneId`, `langId`, `timezoneName`) VALUES ('Australia/Victoria', 'en', 'Australian Eastern Standard Time (Victoria)');
INSERT INTO `timezoneTranslation` (`timezoneId`, `langId`, `timezoneName`) VALUES ('Australia/Victoria', 'ar', 'التوقيت الرسمي لأستراليا الشرقية (فيكتوريا)');
INSERT INTO `timezone` (`timezoneId`) VALUES ('Australia/West');
INSERT INTO `timezoneTranslation` (`timezoneId`, `langId`, `timezoneName`) VALUES ('Australia/West', 'en', 'Australian Western Standard Time');
INSERT INTO `timezoneTranslation` (`timezoneId`, `langId`, `timezoneName`) VALUES ('Australia/West', 'ar', 'التوقيت الاسترالي الغربي الرسمي');
INSERT INTO `timezone` (`timezoneId`) VALUES ('Australia/Yancowinna');
INSERT INTO `timezoneTranslation` (`timezoneId`, `langId`, `timezoneName`) VALUES ('Australia/Yancowinna', 'en', 'Australian Central Standard Time (South Australia/New South Wales)');
INSERT INTO `timezoneTranslation` (`timezoneId`, `langId`, `timezoneName`) VALUES ('Australia/Yancowinna', 'ar', 'التوقيت الرسمي المركزي الأسترالي (جنوب أستراليا / نيو ساوث ويلز)');
INSERT INTO `timezone` (`timezoneId`) VALUES ('Brazil/Acre');
INSERT INTO `timezoneTranslation` (`timezoneId`, `langId`, `timezoneName`) VALUES ('Brazil/Acre', 'en', 'Acre Time');
INSERT INTO `timezoneTranslation` (`timezoneId`, `langId`, `timezoneName`) VALUES ('Brazil/Acre', 'ar', 'عكا الوقت');
INSERT INTO `timezone` (`timezoneId`) VALUES ('Brazil/DeNoronha');
INSERT INTO `timezoneTranslation` (`timezoneId`, `langId`, `timezoneName`) VALUES ('Brazil/DeNoronha', 'en', 'Fernando de Noronha Time');
INSERT INTO `timezoneTranslation` (`timezoneId`, `langId`, `timezoneName`) VALUES ('Brazil/DeNoronha', 'ar', 'فرناندو دي نورونها تايم');
INSERT INTO `timezone` (`timezoneId`) VALUES ('Brazil/East');
INSERT INTO `timezoneTranslation` (`timezoneId`, `langId`, `timezoneName`) VALUES ('Brazil/East', 'en', 'Brasilia Time');
INSERT INTO `timezoneTranslation` (`timezoneId`, `langId`, `timezoneName`) VALUES ('Brazil/East', 'ar', 'توقيت برازيليا');
INSERT INTO `timezone` (`timezoneId`) VALUES ('Brazil/West');
INSERT INTO `timezoneTranslation` (`timezoneId`, `langId`, `timezoneName`) VALUES ('Brazil/West', 'en', 'Amazon Time');
INSERT INTO `timezoneTranslation` (`timezoneId`, `langId`, `timezoneName`) VALUES ('Brazil/West', 'ar', 'توقيت الأمازون');
INSERT INTO `timezone` (`timezoneId`) VALUES ('CET');
INSERT INTO `timezoneTranslation` (`timezoneId`, `langId`, `timezoneName`) VALUES ('CET', 'en', 'Central European Time');
INSERT INTO `timezoneTranslation` (`timezoneId`, `langId`, `timezoneName`) VALUES ('CET', 'ar', 'توقيت وسط أوروبا');
INSERT INTO `timezone` (`timezoneId`) VALUES ('CST6CDT');
INSERT INTO `timezoneTranslation` (`timezoneId`, `langId`, `timezoneName`) VALUES ('CST6CDT', 'en', 'Central Standard Time');
INSERT INTO `timezoneTranslation` (`timezoneId`, `langId`, `timezoneName`) VALUES ('CST6CDT', 'ar', 'الوقت القياسي المركزي');
INSERT INTO `timezone` (`timezoneId`) VALUES ('Canada/Atlantic');
INSERT INTO `timezoneTranslation` (`timezoneId`, `langId`, `timezoneName`) VALUES ('Canada/Atlantic', 'en', 'Atlantic Standard Time');
INSERT INTO `timezoneTranslation` (`timezoneId`, `langId`, `timezoneName`) VALUES ('Canada/Atlantic', 'ar', 'توقيت المحيط الأطلسي');
INSERT INTO `timezone` (`timezoneId`) VALUES ('Canada/Central');
INSERT INTO `timezoneTranslation` (`timezoneId`, `langId`, `timezoneName`) VALUES ('Canada/Central', 'en', 'Central Standard Time');
INSERT INTO `timezoneTranslation` (`timezoneId`, `langId`, `timezoneName`) VALUES ('Canada/Central', 'ar', 'الوقت القياسي المركزي');
INSERT INTO `timezone` (`timezoneId`) VALUES ('Canada/East-Saskatchewan');
INSERT INTO `timezoneTranslation` (`timezoneId`, `langId`, `timezoneName`) VALUES ('Canada/East-Saskatchewan', 'en', 'Central Standard Time');
INSERT INTO `timezoneTranslation` (`timezoneId`, `langId`, `timezoneName`) VALUES ('Canada/East-Saskatchewan', 'ar', 'الوقت القياسي المركزي');
INSERT INTO `timezone` (`timezoneId`) VALUES ('Canada/Eastern');
INSERT INTO `timezoneTranslation` (`timezoneId`, `langId`, `timezoneName`) VALUES ('Canada/Eastern', 'en', 'Eastern Standard Time');
INSERT INTO `timezoneTranslation` (`timezoneId`, `langId`, `timezoneName`) VALUES ('Canada/Eastern', 'ar', 'التوقيت الشرقي');
INSERT INTO `timezone` (`timezoneId`) VALUES ('Canada/Mountain');
INSERT INTO `timezoneTranslation` (`timezoneId`, `langId`, `timezoneName`) VALUES ('Canada/Mountain', 'en', 'Mountain Standard Time');
INSERT INTO `timezoneTranslation` (`timezoneId`, `langId`, `timezoneName`) VALUES ('Canada/Mountain', 'ar', 'التوقيت الجبلي القياسي');
INSERT INTO `timezone` (`timezoneId`) VALUES ('Canada/Newfoundland');
INSERT INTO `timezoneTranslation` (`timezoneId`, `langId`, `timezoneName`) VALUES ('Canada/Newfoundland', 'en', 'Newfoundland Standard Time');
INSERT INTO `timezoneTranslation` (`timezoneId`, `langId`, `timezoneName`) VALUES ('Canada/Newfoundland', 'ar', 'توقيت نيوفاوندلاند الرسمي');
INSERT INTO `timezone` (`timezoneId`) VALUES ('Canada/Pacific');
INSERT INTO `timezoneTranslation` (`timezoneId`, `langId`, `timezoneName`) VALUES ('Canada/Pacific', 'en', 'Pacific Standard Time');
INSERT INTO `timezoneTranslation` (`timezoneId`, `langId`, `timezoneName`) VALUES ('Canada/Pacific', 'ar', 'الوقت الباسيفيكي القياسي');
INSERT INTO `timezone` (`timezoneId`) VALUES ('Canada/Saskatchewan');
INSERT INTO `timezoneTranslation` (`timezoneId`, `langId`, `timezoneName`) VALUES ('Canada/Saskatchewan', 'en', 'Central Standard Time');
INSERT INTO `timezoneTranslation` (`timezoneId`, `langId`, `timezoneName`) VALUES ('Canada/Saskatchewan', 'ar', 'الوقت القياسي المركزي');
INSERT INTO `timezone` (`timezoneId`) VALUES ('Canada/Yukon');
INSERT INTO `timezoneTranslation` (`timezoneId`, `langId`, `timezoneName`) VALUES ('Canada/Yukon', 'en', 'Pacific Standard Time');
INSERT INTO `timezoneTranslation` (`timezoneId`, `langId`, `timezoneName`) VALUES ('Canada/Yukon', 'ar', 'الوقت الباسيفيكي القياسي');
INSERT INTO `timezone` (`timezoneId`) VALUES ('Chile/Continental');
INSERT INTO `timezoneTranslation` (`timezoneId`, `langId`, `timezoneName`) VALUES ('Chile/Continental', 'en', 'Chile Time');
INSERT INTO `timezoneTranslation` (`timezoneId`, `langId`, `timezoneName`) VALUES ('Chile/Continental', 'ar', 'توقيت تشيلي');
INSERT INTO `timezone` (`timezoneId`) VALUES ('Chile/EasterIsland');
INSERT INTO `timezoneTranslation` (`timezoneId`, `langId`, `timezoneName`) VALUES ('Chile/EasterIsland', 'en', 'Easter Is. Time');
INSERT INTO `timezoneTranslation` (`timezoneId`, `langId`, `timezoneName`) VALUES ('Chile/EasterIsland', 'ar', 'عيد الفصح هو. زمن');
INSERT INTO `timezone` (`timezoneId`) VALUES ('Cuba');
INSERT INTO `timezoneTranslation` (`timezoneId`, `langId`, `timezoneName`) VALUES ('Cuba', 'en', 'Cuba Standard Time');
INSERT INTO `timezoneTranslation` (`timezoneId`, `langId`, `timezoneName`) VALUES ('Cuba', 'ar', 'كوبا التوقيت الرسمي');
INSERT INTO `timezone` (`timezoneId`) VALUES ('EET');
INSERT INTO `timezoneTranslation` (`timezoneId`, `langId`, `timezoneName`) VALUES ('EET', 'en', 'Eastern European Time');
INSERT INTO `timezoneTranslation` (`timezoneId`, `langId`, `timezoneName`) VALUES ('EET', 'ar', 'توقيت شرق أوروبا');
INSERT INTO `timezone` (`timezoneId`) VALUES ('EST5EDT');
INSERT INTO `timezoneTranslation` (`timezoneId`, `langId`, `timezoneName`) VALUES ('EST5EDT', 'en', 'Eastern Standard Time');
INSERT INTO `timezoneTranslation` (`timezoneId`, `langId`, `timezoneName`) VALUES ('EST5EDT', 'ar', 'التوقيت الشرقي');
INSERT INTO `timezone` (`timezoneId`) VALUES ('Egypt');
INSERT INTO `timezoneTranslation` (`timezoneId`, `langId`, `timezoneName`) VALUES ('Egypt', 'en', 'Eastern European Time');
INSERT INTO `timezoneTranslation` (`timezoneId`, `langId`, `timezoneName`) VALUES ('Egypt', 'ar', 'توقيت شرق أوروبا');
INSERT INTO `timezone` (`timezoneId`) VALUES ('Eire');
INSERT INTO `timezoneTranslation` (`timezoneId`, `langId`, `timezoneName`) VALUES ('Eire', 'en', 'Greenwich Mean Time');
INSERT INTO `timezoneTranslation` (`timezoneId`, `langId`, `timezoneName`) VALUES ('Eire', 'ar', 'توقيت غرينيتش');
INSERT INTO `timezone` (`timezoneId`) VALUES ('Etc/GMT');
INSERT INTO `timezoneTranslation` (`timezoneId`, `langId`, `timezoneName`) VALUES ('Etc/GMT', 'en', 'Greenwich Mean Time');
INSERT INTO `timezoneTranslation` (`timezoneId`, `langId`, `timezoneName`) VALUES ('Etc/GMT', 'ar', 'توقيت غرينيتش');
INSERT INTO `timezone` (`timezoneId`) VALUES ('Etc/GMT+0');
INSERT INTO `timezoneTranslation` (`timezoneId`, `langId`, `timezoneName`) VALUES ('Etc/GMT+0', 'en', 'Greenwich Mean Time');
INSERT INTO `timezoneTranslation` (`timezoneId`, `langId`, `timezoneName`) VALUES ('Etc/GMT+0', 'ar', 'توقيت غرينيتش');
INSERT INTO `timezone` (`timezoneId`) VALUES ('Etc/GMT+1');
INSERT INTO `timezoneTranslation` (`timezoneId`, `langId`, `timezoneName`) VALUES ('Etc/GMT+1', 'en', 'GMT-01:00');
INSERT INTO `timezoneTranslation` (`timezoneId`, `langId`, `timezoneName`) VALUES ('Etc/GMT+1', 'ar', 'GMT-01: 00');
INSERT INTO `timezone` (`timezoneId`) VALUES ('Etc/GMT+10');
INSERT INTO `timezoneTranslation` (`timezoneId`, `langId`, `timezoneName`) VALUES ('Etc/GMT+10', 'en', 'GMT-10:00');
INSERT INTO `timezoneTranslation` (`timezoneId`, `langId`, `timezoneName`) VALUES ('Etc/GMT+10', 'ar', 'GMT-10: 00');
INSERT INTO `timezone` (`timezoneId`) VALUES ('Etc/GMT+11');
INSERT INTO `timezoneTranslation` (`timezoneId`, `langId`, `timezoneName`) VALUES ('Etc/GMT+11', 'en', 'GMT-11:00');
INSERT INTO `timezoneTranslation` (`timezoneId`, `langId`, `timezoneName`) VALUES ('Etc/GMT+11', 'ar', 'GMT-11: 00');
INSERT INTO `timezone` (`timezoneId`) VALUES ('Etc/GMT+12');
INSERT INTO `timezoneTranslation` (`timezoneId`, `langId`, `timezoneName`) VALUES ('Etc/GMT+12', 'en', 'GMT-12:00');
INSERT INTO `timezoneTranslation` (`timezoneId`, `langId`, `timezoneName`) VALUES ('Etc/GMT+12', 'ar', 'GMT-12: 00');
INSERT INTO `timezone` (`timezoneId`) VALUES ('Etc/GMT+2');
INSERT INTO `timezoneTranslation` (`timezoneId`, `langId`, `timezoneName`) VALUES ('Etc/GMT+2', 'en', 'GMT-02:00');
INSERT INTO `timezoneTranslation` (`timezoneId`, `langId`, `timezoneName`) VALUES ('Etc/GMT+2', 'ar', 'GMT-02: 00');
INSERT INTO `timezone` (`timezoneId`) VALUES ('Etc/GMT+3');
INSERT INTO `timezoneTranslation` (`timezoneId`, `langId`, `timezoneName`) VALUES ('Etc/GMT+3', 'en', 'GMT-03:00');
INSERT INTO `timezoneTranslation` (`timezoneId`, `langId`, `timezoneName`) VALUES ('Etc/GMT+3', 'ar', 'GMT-03: 00');
INSERT INTO `timezone` (`timezoneId`) VALUES ('Etc/GMT+4');
INSERT INTO `timezoneTranslation` (`timezoneId`, `langId`, `timezoneName`) VALUES ('Etc/GMT+4', 'en', 'GMT-04:00');
INSERT INTO `timezoneTranslation` (`timezoneId`, `langId`, `timezoneName`) VALUES ('Etc/GMT+4', 'ar', 'GMT-04: 00');
INSERT INTO `timezone` (`timezoneId`) VALUES ('Etc/GMT+5');
INSERT INTO `timezoneTranslation` (`timezoneId`, `langId`, `timezoneName`) VALUES ('Etc/GMT+5', 'en', 'GMT-05:00');
INSERT INTO `timezoneTranslation` (`timezoneId`, `langId`, `timezoneName`) VALUES ('Etc/GMT+5', 'ar', 'GMT-05: 00');
INSERT INTO `timezone` (`timezoneId`) VALUES ('Etc/GMT+6');
INSERT INTO `timezoneTranslation` (`timezoneId`, `langId`, `timezoneName`) VALUES ('Etc/GMT+6', 'en', 'GMT-06:00');
INSERT INTO `timezoneTranslation` (`timezoneId`, `langId`, `timezoneName`) VALUES ('Etc/GMT+6', 'ar', 'GMT-06: 00');
INSERT INTO `timezone` (`timezoneId`) VALUES ('Etc/GMT+7');
INSERT INTO `timezoneTranslation` (`timezoneId`, `langId`, `timezoneName`) VALUES ('Etc/GMT+7', 'en', 'GMT-07:00');
INSERT INTO `timezoneTranslation` (`timezoneId`, `langId`, `timezoneName`) VALUES ('Etc/GMT+7', 'ar', 'GMT-07: 00');
INSERT INTO `timezone` (`timezoneId`) VALUES ('Etc/GMT+8');
INSERT INTO `timezoneTranslation` (`timezoneId`, `langId`, `timezoneName`) VALUES ('Etc/GMT+8', 'en', 'GMT-08:00');
INSERT INTO `timezoneTranslation` (`timezoneId`, `langId`, `timezoneName`) VALUES ('Etc/GMT+8', 'ar', 'GMT-08: 00');
INSERT INTO `timezone` (`timezoneId`) VALUES ('Etc/GMT+9');
INSERT INTO `timezoneTranslation` (`timezoneId`, `langId`, `timezoneName`) VALUES ('Etc/GMT+9', 'en', 'GMT-09:00');
INSERT INTO `timezoneTranslation` (`timezoneId`, `langId`, `timezoneName`) VALUES ('Etc/GMT+9', 'ar', 'GMT-09: 00');
INSERT INTO `timezone` (`timezoneId`) VALUES ('Etc/GMT-0');
INSERT INTO `timezoneTranslation` (`timezoneId`, `langId`, `timezoneName`) VALUES ('Etc/GMT-0', 'en', 'Greenwich Mean Time');
INSERT INTO `timezoneTranslation` (`timezoneId`, `langId`, `timezoneName`) VALUES ('Etc/GMT-0', 'ar', 'توقيت غرينيتش');
INSERT INTO `timezone` (`timezoneId`) VALUES ('Etc/GMT-1');
INSERT INTO `timezoneTranslation` (`timezoneId`, `langId`, `timezoneName`) VALUES ('Etc/GMT-1', 'en', 'GMT+01:00');
INSERT INTO `timezoneTranslation` (`timezoneId`, `langId`, `timezoneName`) VALUES ('Etc/GMT-1', 'ar', 'GMT + 01: 00');
INSERT INTO `timezone` (`timezoneId`) VALUES ('Etc/GMT-10');
INSERT INTO `timezoneTranslation` (`timezoneId`, `langId`, `timezoneName`) VALUES ('Etc/GMT-10', 'en', 'GMT+10:00');
INSERT INTO `timezoneTranslation` (`timezoneId`, `langId`, `timezoneName`) VALUES ('Etc/GMT-10', 'ar', 'GMT + 10: 00');
INSERT INTO `timezone` (`timezoneId`) VALUES ('Etc/GMT-11');
INSERT INTO `timezoneTranslation` (`timezoneId`, `langId`, `timezoneName`) VALUES ('Etc/GMT-11', 'en', 'GMT+11:00');
INSERT INTO `timezoneTranslation` (`timezoneId`, `langId`, `timezoneName`) VALUES ('Etc/GMT-11', 'ar', 'GMT + 11: 00');
INSERT INTO `timezone` (`timezoneId`) VALUES ('Etc/GMT-12');
INSERT INTO `timezoneTranslation` (`timezoneId`, `langId`, `timezoneName`) VALUES ('Etc/GMT-12', 'en', 'GMT+12:00');
INSERT INTO `timezoneTranslation` (`timezoneId`, `langId`, `timezoneName`) VALUES ('Etc/GMT-12', 'ar', 'GMT + 12: 00');
INSERT INTO `timezone` (`timezoneId`) VALUES ('Etc/GMT-13');
INSERT INTO `timezoneTranslation` (`timezoneId`, `langId`, `timezoneName`) VALUES ('Etc/GMT-13', 'en', 'GMT+13:00');
INSERT INTO `timezoneTranslation` (`timezoneId`, `langId`, `timezoneName`) VALUES ('Etc/GMT-13', 'ar', 'GMT + 13: 00');
INSERT INTO `timezone` (`timezoneId`) VALUES ('Etc/GMT-14');
INSERT INTO `timezoneTranslation` (`timezoneId`, `langId`, `timezoneName`) VALUES ('Etc/GMT-14', 'en', 'GMT+14:00');
INSERT INTO `timezoneTranslation` (`timezoneId`, `langId`, `timezoneName`) VALUES ('Etc/GMT-14', 'ar', 'GMT + 14: 00');
INSERT INTO `timezone` (`timezoneId`) VALUES ('Etc/GMT-2');
INSERT INTO `timezoneTranslation` (`timezoneId`, `langId`, `timezoneName`) VALUES ('Etc/GMT-2', 'en', 'GMT+02:00');
INSERT INTO `timezoneTranslation` (`timezoneId`, `langId`, `timezoneName`) VALUES ('Etc/GMT-2', 'ar', 'GMT + 02: 00');
INSERT INTO `timezone` (`timezoneId`) VALUES ('Etc/GMT-3');
INSERT INTO `timezoneTranslation` (`timezoneId`, `langId`, `timezoneName`) VALUES ('Etc/GMT-3', 'en', 'GMT+03:00');
INSERT INTO `timezoneTranslation` (`timezoneId`, `langId`, `timezoneName`) VALUES ('Etc/GMT-3', 'ar', 'GMT + 03: 00');
INSERT INTO `timezone` (`timezoneId`) VALUES ('Etc/GMT-4');
INSERT INTO `timezoneTranslation` (`timezoneId`, `langId`, `timezoneName`) VALUES ('Etc/GMT-4', 'en', 'GMT+04:00');
INSERT INTO `timezoneTranslation` (`timezoneId`, `langId`, `timezoneName`) VALUES ('Etc/GMT-4', 'ar', 'GMT + 04: 00');
INSERT INTO `timezone` (`timezoneId`) VALUES ('Etc/GMT-5');
INSERT INTO `timezoneTranslation` (`timezoneId`, `langId`, `timezoneName`) VALUES ('Etc/GMT-5', 'en', 'GMT+05:00');
INSERT INTO `timezoneTranslation` (`timezoneId`, `langId`, `timezoneName`) VALUES ('Etc/GMT-5', 'ar', 'GMT + 05: 00');
INSERT INTO `timezone` (`timezoneId`) VALUES ('Etc/GMT-6');
INSERT INTO `timezoneTranslation` (`timezoneId`, `langId`, `timezoneName`) VALUES ('Etc/GMT-6', 'en', 'GMT+06:00');
INSERT INTO `timezoneTranslation` (`timezoneId`, `langId`, `timezoneName`) VALUES ('Etc/GMT-6', 'ar', 'GMT + 06: 00');
INSERT INTO `timezone` (`timezoneId`) VALUES ('Etc/GMT-7');
INSERT INTO `timezoneTranslation` (`timezoneId`, `langId`, `timezoneName`) VALUES ('Etc/GMT-7', 'en', 'GMT+07:00');
INSERT INTO `timezoneTranslation` (`timezoneId`, `langId`, `timezoneName`) VALUES ('Etc/GMT-7', 'ar', 'GMT + 07: 00');
INSERT INTO `timezone` (`timezoneId`) VALUES ('Etc/GMT-8');
INSERT INTO `timezoneTranslation` (`timezoneId`, `langId`, `timezoneName`) VALUES ('Etc/GMT-8', 'en', 'GMT+08:00');
INSERT INTO `timezoneTranslation` (`timezoneId`, `langId`, `timezoneName`) VALUES ('Etc/GMT-8', 'ar', 'GMT + 08: 00');
INSERT INTO `timezone` (`timezoneId`) VALUES ('Etc/GMT-9');
INSERT INTO `timezoneTranslation` (`timezoneId`, `langId`, `timezoneName`) VALUES ('Etc/GMT-9', 'en', 'GMT+09:00');
INSERT INTO `timezoneTranslation` (`timezoneId`, `langId`, `timezoneName`) VALUES ('Etc/GMT-9', 'ar', 'GMT + 09: 00');
INSERT INTO `timezone` (`timezoneId`) VALUES ('Etc/GMT0');
INSERT INTO `timezoneTranslation` (`timezoneId`, `langId`, `timezoneName`) VALUES ('Etc/GMT0', 'en', 'Greenwich Mean Time');
INSERT INTO `timezoneTranslation` (`timezoneId`, `langId`, `timezoneName`) VALUES ('Etc/GMT0', 'ar', 'توقيت غرينيتش');
INSERT INTO `timezone` (`timezoneId`) VALUES ('Etc/Greenwich');
INSERT INTO `timezoneTranslation` (`timezoneId`, `langId`, `timezoneName`) VALUES ('Etc/Greenwich', 'en', 'Greenwich Mean Time');
INSERT INTO `timezoneTranslation` (`timezoneId`, `langId`, `timezoneName`) VALUES ('Etc/Greenwich', 'ar', 'توقيت غرينيتش');
INSERT INTO `timezone` (`timezoneId`) VALUES ('Etc/UCT');
INSERT INTO `timezoneTranslation` (`timezoneId`, `langId`, `timezoneName`) VALUES ('Etc/UCT', 'en', 'Coordinated Universal Time');
INSERT INTO `timezoneTranslation` (`timezoneId`, `langId`, `timezoneName`) VALUES ('Etc/UCT', 'ar', 'توقيت عالمي متناسق');
INSERT INTO `timezone` (`timezoneId`) VALUES ('Etc/UTC');
INSERT INTO `timezoneTranslation` (`timezoneId`, `langId`, `timezoneName`) VALUES ('Etc/UTC', 'en', 'Coordinated Universal Time');
INSERT INTO `timezoneTranslation` (`timezoneId`, `langId`, `timezoneName`) VALUES ('Etc/UTC', 'ar', 'توقيت عالمي متناسق');
INSERT INTO `timezone` (`timezoneId`) VALUES ('Etc/Universal');
INSERT INTO `timezoneTranslation` (`timezoneId`, `langId`, `timezoneName`) VALUES ('Etc/Universal', 'en', 'Coordinated Universal Time');
INSERT INTO `timezoneTranslation` (`timezoneId`, `langId`, `timezoneName`) VALUES ('Etc/Universal', 'ar', 'توقيت عالمي متناسق');
INSERT INTO `timezone` (`timezoneId`) VALUES ('Etc/Zulu');
INSERT INTO `timezoneTranslation` (`timezoneId`, `langId`, `timezoneName`) VALUES ('Etc/Zulu', 'en', 'Coordinated Universal Time');
INSERT INTO `timezoneTranslation` (`timezoneId`, `langId`, `timezoneName`) VALUES ('Etc/Zulu', 'ar', 'توقيت عالمي متناسق');
INSERT INTO `timezone` (`timezoneId`) VALUES ('Europe/Amsterdam');
INSERT INTO `timezoneTranslation` (`timezoneId`, `langId`, `timezoneName`) VALUES ('Europe/Amsterdam', 'en', 'Central European Time');
INSERT INTO `timezoneTranslation` (`timezoneId`, `langId`, `timezoneName`) VALUES ('Europe/Amsterdam', 'ar', 'توقيت وسط أوروبا');
INSERT INTO `timezone` (`timezoneId`) VALUES ('Europe/Andorra');
INSERT INTO `timezoneTranslation` (`timezoneId`, `langId`, `timezoneName`) VALUES ('Europe/Andorra', 'en', 'Central European Time');
INSERT INTO `timezoneTranslation` (`timezoneId`, `langId`, `timezoneName`) VALUES ('Europe/Andorra', 'ar', 'توقيت وسط أوروبا');
INSERT INTO `timezone` (`timezoneId`) VALUES ('Europe/Astrakhan');
INSERT INTO `timezoneTranslation` (`timezoneId`, `langId`, `timezoneName`) VALUES ('Europe/Astrakhan', 'en', 'GMT+04:00');
INSERT INTO `timezoneTranslation` (`timezoneId`, `langId`, `timezoneName`) VALUES ('Europe/Astrakhan', 'ar', 'GMT + 04: 00');
INSERT INTO `timezone` (`timezoneId`) VALUES ('Europe/Athens');
INSERT INTO `timezoneTranslation` (`timezoneId`, `langId`, `timezoneName`) VALUES ('Europe/Athens', 'en', 'Eastern European Time');
INSERT INTO `timezoneTranslation` (`timezoneId`, `langId`, `timezoneName`) VALUES ('Europe/Athens', 'ar', 'توقيت شرق أوروبا');
INSERT INTO `timezone` (`timezoneId`) VALUES ('Europe/Belfast');
INSERT INTO `timezoneTranslation` (`timezoneId`, `langId`, `timezoneName`) VALUES ('Europe/Belfast', 'en', 'Greenwich Mean Time');
INSERT INTO `timezoneTranslation` (`timezoneId`, `langId`, `timezoneName`) VALUES ('Europe/Belfast', 'ar', 'توقيت غرينيتش');
INSERT INTO `timezone` (`timezoneId`) VALUES ('Europe/Belgrade');
INSERT INTO `timezoneTranslation` (`timezoneId`, `langId`, `timezoneName`) VALUES ('Europe/Belgrade', 'en', 'Central European Time');
INSERT INTO `timezoneTranslation` (`timezoneId`, `langId`, `timezoneName`) VALUES ('Europe/Belgrade', 'ar', 'توقيت وسط أوروبا');
INSERT INTO `timezone` (`timezoneId`) VALUES ('Europe/Berlin');
INSERT INTO `timezoneTranslation` (`timezoneId`, `langId`, `timezoneName`) VALUES ('Europe/Berlin', 'en', 'Central European Time');
INSERT INTO `timezoneTranslation` (`timezoneId`, `langId`, `timezoneName`) VALUES ('Europe/Berlin', 'ar', 'توقيت وسط أوروبا');
INSERT INTO `timezone` (`timezoneId`) VALUES ('Europe/Bratislava');
INSERT INTO `timezoneTranslation` (`timezoneId`, `langId`, `timezoneName`) VALUES ('Europe/Bratislava', 'en', 'Central European Time');
INSERT INTO `timezoneTranslation` (`timezoneId`, `langId`, `timezoneName`) VALUES ('Europe/Bratislava', 'ar', 'توقيت وسط أوروبا');
INSERT INTO `timezone` (`timezoneId`) VALUES ('Europe/Brussels');
INSERT INTO `timezoneTranslation` (`timezoneId`, `langId`, `timezoneName`) VALUES ('Europe/Brussels', 'en', 'Central European Time');
INSERT INTO `timezoneTranslation` (`timezoneId`, `langId`, `timezoneName`) VALUES ('Europe/Brussels', 'ar', 'توقيت وسط أوروبا');
INSERT INTO `timezone` (`timezoneId`) VALUES ('Europe/Bucharest');
INSERT INTO `timezoneTranslation` (`timezoneId`, `langId`, `timezoneName`) VALUES ('Europe/Bucharest', 'en', 'Eastern European Time');
INSERT INTO `timezoneTranslation` (`timezoneId`, `langId`, `timezoneName`) VALUES ('Europe/Bucharest', 'ar', 'توقيت شرق أوروبا');
INSERT INTO `timezone` (`timezoneId`) VALUES ('Europe/Budapest');
INSERT INTO `timezoneTranslation` (`timezoneId`, `langId`, `timezoneName`) VALUES ('Europe/Budapest', 'en', 'Central European Time');
INSERT INTO `timezoneTranslation` (`timezoneId`, `langId`, `timezoneName`) VALUES ('Europe/Budapest', 'ar', 'توقيت وسط أوروبا');
INSERT INTO `timezone` (`timezoneId`) VALUES ('Europe/Busingen');
INSERT INTO `timezoneTranslation` (`timezoneId`, `langId`, `timezoneName`) VALUES ('Europe/Busingen', 'en', 'Central European Time');
INSERT INTO `timezoneTranslation` (`timezoneId`, `langId`, `timezoneName`) VALUES ('Europe/Busingen', 'ar', 'توقيت وسط أوروبا');
INSERT INTO `timezone` (`timezoneId`) VALUES ('Europe/Chisinau');
INSERT INTO `timezoneTranslation` (`timezoneId`, `langId`, `timezoneName`) VALUES ('Europe/Chisinau', 'en', 'Eastern European Time');
INSERT INTO `timezoneTranslation` (`timezoneId`, `langId`, `timezoneName`) VALUES ('Europe/Chisinau', 'ar', 'توقيت شرق أوروبا');
INSERT INTO `timezone` (`timezoneId`) VALUES ('Europe/Copenhagen');
INSERT INTO `timezoneTranslation` (`timezoneId`, `langId`, `timezoneName`) VALUES ('Europe/Copenhagen', 'en', 'Central European Time');
INSERT INTO `timezoneTranslation` (`timezoneId`, `langId`, `timezoneName`) VALUES ('Europe/Copenhagen', 'ar', 'توقيت وسط أوروبا');
INSERT INTO `timezone` (`timezoneId`) VALUES ('Europe/Dublin');
INSERT INTO `timezoneTranslation` (`timezoneId`, `langId`, `timezoneName`) VALUES ('Europe/Dublin', 'en', 'Greenwich Mean Time');
INSERT INTO `timezoneTranslation` (`timezoneId`, `langId`, `timezoneName`) VALUES ('Europe/Dublin', 'ar', 'توقيت غرينيتش');
INSERT INTO `timezone` (`timezoneId`) VALUES ('Europe/Gibraltar');
INSERT INTO `timezoneTranslation` (`timezoneId`, `langId`, `timezoneName`) VALUES ('Europe/Gibraltar', 'en', 'Central European Time');
INSERT INTO `timezoneTranslation` (`timezoneId`, `langId`, `timezoneName`) VALUES ('Europe/Gibraltar', 'ar', 'توقيت وسط أوروبا');
INSERT INTO `timezone` (`timezoneId`) VALUES ('Europe/Guernsey');
INSERT INTO `timezoneTranslation` (`timezoneId`, `langId`, `timezoneName`) VALUES ('Europe/Guernsey', 'en', 'Greenwich Mean Time');
INSERT INTO `timezoneTranslation` (`timezoneId`, `langId`, `timezoneName`) VALUES ('Europe/Guernsey', 'ar', 'توقيت غرينيتش');
INSERT INTO `timezone` (`timezoneId`) VALUES ('Europe/Helsinki');
INSERT INTO `timezoneTranslation` (`timezoneId`, `langId`, `timezoneName`) VALUES ('Europe/Helsinki', 'en', 'Eastern European Time');
INSERT INTO `timezoneTranslation` (`timezoneId`, `langId`, `timezoneName`) VALUES ('Europe/Helsinki', 'ar', 'توقيت شرق أوروبا');
INSERT INTO `timezone` (`timezoneId`) VALUES ('Europe/Isle_of_Man');
INSERT INTO `timezoneTranslation` (`timezoneId`, `langId`, `timezoneName`) VALUES ('Europe/Isle_of_Man', 'en', 'Greenwich Mean Time');
INSERT INTO `timezoneTranslation` (`timezoneId`, `langId`, `timezoneName`) VALUES ('Europe/Isle_of_Man', 'ar', 'توقيت غرينيتش');
INSERT INTO `timezone` (`timezoneId`) VALUES ('Europe/Istanbul');
INSERT INTO `timezoneTranslation` (`timezoneId`, `langId`, `timezoneName`) VALUES ('Europe/Istanbul', 'en', 'Eastern European Time');
INSERT INTO `timezoneTranslation` (`timezoneId`, `langId`, `timezoneName`) VALUES ('Europe/Istanbul', 'ar', 'توقيت شرق أوروبا');
INSERT INTO `timezone` (`timezoneId`) VALUES ('Europe/Jersey');
INSERT INTO `timezoneTranslation` (`timezoneId`, `langId`, `timezoneName`) VALUES ('Europe/Jersey', 'en', 'Greenwich Mean Time');
INSERT INTO `timezoneTranslation` (`timezoneId`, `langId`, `timezoneName`) VALUES ('Europe/Jersey', 'ar', 'توقيت غرينيتش');
INSERT INTO `timezone` (`timezoneId`) VALUES ('Europe/Kaliningrad');
INSERT INTO `timezoneTranslation` (`timezoneId`, `langId`, `timezoneName`) VALUES ('Europe/Kaliningrad', 'en', 'Eastern European Time');
INSERT INTO `timezoneTranslation` (`timezoneId`, `langId`, `timezoneName`) VALUES ('Europe/Kaliningrad', 'ar', 'توقيت شرق أوروبا');
INSERT INTO `timezone` (`timezoneId`) VALUES ('Europe/Kiev');
INSERT INTO `timezoneTranslation` (`timezoneId`, `langId`, `timezoneName`) VALUES ('Europe/Kiev', 'en', 'Eastern European Time');
INSERT INTO `timezoneTranslation` (`timezoneId`, `langId`, `timezoneName`) VALUES ('Europe/Kiev', 'ar', 'توقيت شرق أوروبا');
INSERT INTO `timezone` (`timezoneId`) VALUES ('Europe/Kirov');
INSERT INTO `timezoneTranslation` (`timezoneId`, `langId`, `timezoneName`) VALUES ('Europe/Kirov', 'en', 'GMT+03:00');
INSERT INTO `timezoneTranslation` (`timezoneId`, `langId`, `timezoneName`) VALUES ('Europe/Kirov', 'ar', 'GMT + 03: 00');
INSERT INTO `timezone` (`timezoneId`) VALUES ('Europe/Lisbon');
INSERT INTO `timezoneTranslation` (`timezoneId`, `langId`, `timezoneName`) VALUES ('Europe/Lisbon', 'en', 'Western European Time');
INSERT INTO `timezoneTranslation` (`timezoneId`, `langId`, `timezoneName`) VALUES ('Europe/Lisbon', 'ar', 'توقيت غرب أوروبا');
INSERT INTO `timezone` (`timezoneId`) VALUES ('Europe/Ljubljana');
INSERT INTO `timezoneTranslation` (`timezoneId`, `langId`, `timezoneName`) VALUES ('Europe/Ljubljana', 'en', 'Central European Time');
INSERT INTO `timezoneTranslation` (`timezoneId`, `langId`, `timezoneName`) VALUES ('Europe/Ljubljana', 'ar', 'توقيت وسط أوروبا');
INSERT INTO `timezone` (`timezoneId`) VALUES ('Europe/London');
INSERT INTO `timezoneTranslation` (`timezoneId`, `langId`, `timezoneName`) VALUES ('Europe/London', 'en', 'Greenwich Mean Time');
INSERT INTO `timezoneTranslation` (`timezoneId`, `langId`, `timezoneName`) VALUES ('Europe/London', 'ar', 'توقيت غرينيتش');
INSERT INTO `timezone` (`timezoneId`) VALUES ('Europe/Luxembourg');
INSERT INTO `timezoneTranslation` (`timezoneId`, `langId`, `timezoneName`) VALUES ('Europe/Luxembourg', 'en', 'Central European Time');
INSERT INTO `timezoneTranslation` (`timezoneId`, `langId`, `timezoneName`) VALUES ('Europe/Luxembourg', 'ar', 'توقيت وسط أوروبا');
INSERT INTO `timezone` (`timezoneId`) VALUES ('Europe/Madrid');
INSERT INTO `timezoneTranslation` (`timezoneId`, `langId`, `timezoneName`) VALUES ('Europe/Madrid', 'en', 'Central European Time');
INSERT INTO `timezoneTranslation` (`timezoneId`, `langId`, `timezoneName`) VALUES ('Europe/Madrid', 'ar', 'توقيت وسط أوروبا');
INSERT INTO `timezone` (`timezoneId`) VALUES ('Europe/Malta');
INSERT INTO `timezoneTranslation` (`timezoneId`, `langId`, `timezoneName`) VALUES ('Europe/Malta', 'en', 'Central European Time');
INSERT INTO `timezoneTranslation` (`timezoneId`, `langId`, `timezoneName`) VALUES ('Europe/Malta', 'ar', 'توقيت وسط أوروبا');
INSERT INTO `timezone` (`timezoneId`) VALUES ('Europe/Mariehamn');
INSERT INTO `timezoneTranslation` (`timezoneId`, `langId`, `timezoneName`) VALUES ('Europe/Mariehamn', 'en', 'Eastern European Time');
INSERT INTO `timezoneTranslation` (`timezoneId`, `langId`, `timezoneName`) VALUES ('Europe/Mariehamn', 'ar', 'توقيت شرق أوروبا');
INSERT INTO `timezone` (`timezoneId`) VALUES ('Europe/Minsk');
INSERT INTO `timezoneTranslation` (`timezoneId`, `langId`, `timezoneName`) VALUES ('Europe/Minsk', 'en', 'Moscow Standard Time');
INSERT INTO `timezoneTranslation` (`timezoneId`, `langId`, `timezoneName`) VALUES ('Europe/Minsk', 'ar', 'توقيت موسكو الرسمي');
INSERT INTO `timezone` (`timezoneId`) VALUES ('Europe/Monaco');
INSERT INTO `timezoneTranslation` (`timezoneId`, `langId`, `timezoneName`) VALUES ('Europe/Monaco', 'en', 'Central European Time');
INSERT INTO `timezoneTranslation` (`timezoneId`, `langId`, `timezoneName`) VALUES ('Europe/Monaco', 'ar', 'توقيت وسط أوروبا');
INSERT INTO `timezone` (`timezoneId`) VALUES ('Europe/Moscow');
INSERT INTO `timezoneTranslation` (`timezoneId`, `langId`, `timezoneName`) VALUES ('Europe/Moscow', 'en', 'Moscow Standard Time');
INSERT INTO `timezoneTranslation` (`timezoneId`, `langId`, `timezoneName`) VALUES ('Europe/Moscow', 'ar', 'توقيت موسكو الرسمي');
INSERT INTO `timezone` (`timezoneId`) VALUES ('Europe/Nicosia');
INSERT INTO `timezoneTranslation` (`timezoneId`, `langId`, `timezoneName`) VALUES ('Europe/Nicosia', 'en', 'Eastern European Time');
INSERT INTO `timezoneTranslation` (`timezoneId`, `langId`, `timezoneName`) VALUES ('Europe/Nicosia', 'ar', 'توقيت شرق أوروبا');
INSERT INTO `timezone` (`timezoneId`) VALUES ('Europe/Oslo');
INSERT INTO `timezoneTranslation` (`timezoneId`, `langId`, `timezoneName`) VALUES ('Europe/Oslo', 'en', 'Central European Time');
INSERT INTO `timezoneTranslation` (`timezoneId`, `langId`, `timezoneName`) VALUES ('Europe/Oslo', 'ar', 'توقيت وسط أوروبا');
INSERT INTO `timezone` (`timezoneId`) VALUES ('Europe/Paris');
INSERT INTO `timezoneTranslation` (`timezoneId`, `langId`, `timezoneName`) VALUES ('Europe/Paris', 'en', 'Central European Time');
INSERT INTO `timezoneTranslation` (`timezoneId`, `langId`, `timezoneName`) VALUES ('Europe/Paris', 'ar', 'توقيت وسط أوروبا');
INSERT INTO `timezone` (`timezoneId`) VALUES ('Europe/Podgorica');
INSERT INTO `timezoneTranslation` (`timezoneId`, `langId`, `timezoneName`) VALUES ('Europe/Podgorica', 'en', 'Central European Time');
INSERT INTO `timezoneTranslation` (`timezoneId`, `langId`, `timezoneName`) VALUES ('Europe/Podgorica', 'ar', 'توقيت وسط أوروبا');
INSERT INTO `timezone` (`timezoneId`) VALUES ('Europe/Prague');
INSERT INTO `timezoneTranslation` (`timezoneId`, `langId`, `timezoneName`) VALUES ('Europe/Prague', 'en', 'Central European Time');
INSERT INTO `timezoneTranslation` (`timezoneId`, `langId`, `timezoneName`) VALUES ('Europe/Prague', 'ar', 'توقيت وسط أوروبا');
INSERT INTO `timezone` (`timezoneId`) VALUES ('Europe/Riga');
INSERT INTO `timezoneTranslation` (`timezoneId`, `langId`, `timezoneName`) VALUES ('Europe/Riga', 'en', 'Eastern European Time');
INSERT INTO `timezoneTranslation` (`timezoneId`, `langId`, `timezoneName`) VALUES ('Europe/Riga', 'ar', 'توقيت شرق أوروبا');
INSERT INTO `timezone` (`timezoneId`) VALUES ('Europe/Rome');
INSERT INTO `timezoneTranslation` (`timezoneId`, `langId`, `timezoneName`) VALUES ('Europe/Rome', 'en', 'Central European Time');
INSERT INTO `timezoneTranslation` (`timezoneId`, `langId`, `timezoneName`) VALUES ('Europe/Rome', 'ar', 'توقيت وسط أوروبا');
INSERT INTO `timezone` (`timezoneId`) VALUES ('Europe/Samara');
INSERT INTO `timezoneTranslation` (`timezoneId`, `langId`, `timezoneName`) VALUES ('Europe/Samara', 'en', 'Samara Time');
INSERT INTO `timezoneTranslation` (`timezoneId`, `langId`, `timezoneName`) VALUES ('Europe/Samara', 'ar', 'سامارا تايم');
INSERT INTO `timezone` (`timezoneId`) VALUES ('Europe/San_Marino');
INSERT INTO `timezoneTranslation` (`timezoneId`, `langId`, `timezoneName`) VALUES ('Europe/San_Marino', 'en', 'Central European Time');
INSERT INTO `timezoneTranslation` (`timezoneId`, `langId`, `timezoneName`) VALUES ('Europe/San_Marino', 'ar', 'توقيت وسط أوروبا');
INSERT INTO `timezone` (`timezoneId`) VALUES ('Europe/Sarajevo');
INSERT INTO `timezoneTranslation` (`timezoneId`, `langId`, `timezoneName`) VALUES ('Europe/Sarajevo', 'en', 'Central European Time');
INSERT INTO `timezoneTranslation` (`timezoneId`, `langId`, `timezoneName`) VALUES ('Europe/Sarajevo', 'ar', 'توقيت وسط أوروبا');
INSERT INTO `timezone` (`timezoneId`) VALUES ('Europe/Simferopol');
INSERT INTO `timezoneTranslation` (`timezoneId`, `langId`, `timezoneName`) VALUES ('Europe/Simferopol', 'en', 'Moscow Standard Time');
INSERT INTO `timezoneTranslation` (`timezoneId`, `langId`, `timezoneName`) VALUES ('Europe/Simferopol', 'ar', 'توقيت موسكو الرسمي');
INSERT INTO `timezone` (`timezoneId`) VALUES ('Europe/Skopje');
INSERT INTO `timezoneTranslation` (`timezoneId`, `langId`, `timezoneName`) VALUES ('Europe/Skopje', 'en', 'Central European Time');
INSERT INTO `timezoneTranslation` (`timezoneId`, `langId`, `timezoneName`) VALUES ('Europe/Skopje', 'ar', 'توقيت وسط أوروبا');
INSERT INTO `timezone` (`timezoneId`) VALUES ('Europe/Sofia');
INSERT INTO `timezoneTranslation` (`timezoneId`, `langId`, `timezoneName`) VALUES ('Europe/Sofia', 'en', 'Eastern European Time');
INSERT INTO `timezoneTranslation` (`timezoneId`, `langId`, `timezoneName`) VALUES ('Europe/Sofia', 'ar', 'توقيت شرق أوروبا');
INSERT INTO `timezone` (`timezoneId`) VALUES ('Europe/Stockholm');
INSERT INTO `timezoneTranslation` (`timezoneId`, `langId`, `timezoneName`) VALUES ('Europe/Stockholm', 'en', 'Central European Time');
INSERT INTO `timezoneTranslation` (`timezoneId`, `langId`, `timezoneName`) VALUES ('Europe/Stockholm', 'ar', 'توقيت وسط أوروبا');
INSERT INTO `timezone` (`timezoneId`) VALUES ('Europe/Tallinn');
INSERT INTO `timezoneTranslation` (`timezoneId`, `langId`, `timezoneName`) VALUES ('Europe/Tallinn', 'en', 'Eastern European Time');
INSERT INTO `timezoneTranslation` (`timezoneId`, `langId`, `timezoneName`) VALUES ('Europe/Tallinn', 'ar', 'توقيت شرق أوروبا');
INSERT INTO `timezone` (`timezoneId`) VALUES ('Europe/Tirane');
INSERT INTO `timezoneTranslation` (`timezoneId`, `langId`, `timezoneName`) VALUES ('Europe/Tirane', 'en', 'Central European Time');
INSERT INTO `timezoneTranslation` (`timezoneId`, `langId`, `timezoneName`) VALUES ('Europe/Tirane', 'ar', 'توقيت وسط أوروبا');
INSERT INTO `timezone` (`timezoneId`) VALUES ('Europe/Tiraspol');
INSERT INTO `timezoneTranslation` (`timezoneId`, `langId`, `timezoneName`) VALUES ('Europe/Tiraspol', 'en', 'Eastern European Time');
INSERT INTO `timezoneTranslation` (`timezoneId`, `langId`, `timezoneName`) VALUES ('Europe/Tiraspol', 'ar', 'توقيت شرق أوروبا');
INSERT INTO `timezone` (`timezoneId`) VALUES ('Europe/Ulyanovsk');
INSERT INTO `timezoneTranslation` (`timezoneId`, `langId`, `timezoneName`) VALUES ('Europe/Ulyanovsk', 'en', 'GMT+04:00');
INSERT INTO `timezoneTranslation` (`timezoneId`, `langId`, `timezoneName`) VALUES ('Europe/Ulyanovsk', 'ar', 'GMT + 04: 00');
INSERT INTO `timezone` (`timezoneId`) VALUES ('Europe/Uzhgorod');
INSERT INTO `timezoneTranslation` (`timezoneId`, `langId`, `timezoneName`) VALUES ('Europe/Uzhgorod', 'en', 'Eastern European Time');
INSERT INTO `timezoneTranslation` (`timezoneId`, `langId`, `timezoneName`) VALUES ('Europe/Uzhgorod', 'ar', 'توقيت شرق أوروبا');
INSERT INTO `timezone` (`timezoneId`) VALUES ('Europe/Vaduz');
INSERT INTO `timezoneTranslation` (`timezoneId`, `langId`, `timezoneName`) VALUES ('Europe/Vaduz', 'en', 'Central European Time');
INSERT INTO `timezoneTranslation` (`timezoneId`, `langId`, `timezoneName`) VALUES ('Europe/Vaduz', 'ar', 'توقيت وسط أوروبا');
INSERT INTO `timezone` (`timezoneId`) VALUES ('Europe/Vatican');
INSERT INTO `timezoneTranslation` (`timezoneId`, `langId`, `timezoneName`) VALUES ('Europe/Vatican', 'en', 'Central European Time');
INSERT INTO `timezoneTranslation` (`timezoneId`, `langId`, `timezoneName`) VALUES ('Europe/Vatican', 'ar', 'توقيت وسط أوروبا');
INSERT INTO `timezone` (`timezoneId`) VALUES ('Europe/Vienna');
INSERT INTO `timezoneTranslation` (`timezoneId`, `langId`, `timezoneName`) VALUES ('Europe/Vienna', 'en', 'Central European Time');
INSERT INTO `timezoneTranslation` (`timezoneId`, `langId`, `timezoneName`) VALUES ('Europe/Vienna', 'ar', 'توقيت وسط أوروبا');
INSERT INTO `timezone` (`timezoneId`) VALUES ('Europe/Vilnius');
INSERT INTO `timezoneTranslation` (`timezoneId`, `langId`, `timezoneName`) VALUES ('Europe/Vilnius', 'en', 'Eastern European Time');
INSERT INTO `timezoneTranslation` (`timezoneId`, `langId`, `timezoneName`) VALUES ('Europe/Vilnius', 'ar', 'توقيت شرق أوروبا');
INSERT INTO `timezone` (`timezoneId`) VALUES ('Europe/Volgograd');
INSERT INTO `timezoneTranslation` (`timezoneId`, `langId`, `timezoneName`) VALUES ('Europe/Volgograd', 'en', 'Moscow Standard Time');
INSERT INTO `timezoneTranslation` (`timezoneId`, `langId`, `timezoneName`) VALUES ('Europe/Volgograd', 'ar', 'توقيت موسكو الرسمي');
INSERT INTO `timezone` (`timezoneId`) VALUES ('Europe/Warsaw');
INSERT INTO `timezoneTranslation` (`timezoneId`, `langId`, `timezoneName`) VALUES ('Europe/Warsaw', 'en', 'Central European Time');
INSERT INTO `timezoneTranslation` (`timezoneId`, `langId`, `timezoneName`) VALUES ('Europe/Warsaw', 'ar', 'توقيت وسط أوروبا');
INSERT INTO `timezone` (`timezoneId`) VALUES ('Europe/Zagreb');
INSERT INTO `timezoneTranslation` (`timezoneId`, `langId`, `timezoneName`) VALUES ('Europe/Zagreb', 'en', 'Central European Time');
INSERT INTO `timezoneTranslation` (`timezoneId`, `langId`, `timezoneName`) VALUES ('Europe/Zagreb', 'ar', 'توقيت وسط أوروبا');
INSERT INTO `timezone` (`timezoneId`) VALUES ('Europe/Zaporozhye');
INSERT INTO `timezoneTranslation` (`timezoneId`, `langId`, `timezoneName`) VALUES ('Europe/Zaporozhye', 'en', 'Eastern European Time');
INSERT INTO `timezoneTranslation` (`timezoneId`, `langId`, `timezoneName`) VALUES ('Europe/Zaporozhye', 'ar', 'توقيت شرق أوروبا');
INSERT INTO `timezone` (`timezoneId`) VALUES ('Europe/Zurich');
INSERT INTO `timezoneTranslation` (`timezoneId`, `langId`, `timezoneName`) VALUES ('Europe/Zurich', 'en', 'Central European Time');
INSERT INTO `timezoneTranslation` (`timezoneId`, `langId`, `timezoneName`) VALUES ('Europe/Zurich', 'ar', 'توقيت وسط أوروبا');
INSERT INTO `timezone` (`timezoneId`) VALUES ('GB');
INSERT INTO `timezoneTranslation` (`timezoneId`, `langId`, `timezoneName`) VALUES ('GB', 'en', 'Greenwich Mean Time');
INSERT INTO `timezoneTranslation` (`timezoneId`, `langId`, `timezoneName`) VALUES ('GB', 'ar', 'توقيت غرينيتش');
INSERT INTO `timezone` (`timezoneId`) VALUES ('GB-Eire');
INSERT INTO `timezoneTranslation` (`timezoneId`, `langId`, `timezoneName`) VALUES ('GB-Eire', 'en', 'Greenwich Mean Time');
INSERT INTO `timezoneTranslation` (`timezoneId`, `langId`, `timezoneName`) VALUES ('GB-Eire', 'ar', 'توقيت غرينيتش');
INSERT INTO `timezone` (`timezoneId`) VALUES ('GMT');
INSERT INTO `timezoneTranslation` (`timezoneId`, `langId`, `timezoneName`) VALUES ('GMT', 'en', 'Greenwich Mean Time');
INSERT INTO `timezoneTranslation` (`timezoneId`, `langId`, `timezoneName`) VALUES ('GMT', 'ar', 'توقيت غرينيتش');
INSERT INTO `timezone` (`timezoneId`) VALUES ('GMT0');
INSERT INTO `timezoneTranslation` (`timezoneId`, `langId`, `timezoneName`) VALUES ('GMT0', 'en', 'Greenwich Mean Time');
INSERT INTO `timezoneTranslation` (`timezoneId`, `langId`, `timezoneName`) VALUES ('GMT0', 'ar', 'توقيت غرينيتش');
INSERT INTO `timezone` (`timezoneId`) VALUES ('Greenwich');
INSERT INTO `timezoneTranslation` (`timezoneId`, `langId`, `timezoneName`) VALUES ('Greenwich', 'en', 'Greenwich Mean Time');
INSERT INTO `timezoneTranslation` (`timezoneId`, `langId`, `timezoneName`) VALUES ('Greenwich', 'ar', 'توقيت غرينيتش');
INSERT INTO `timezone` (`timezoneId`) VALUES ('Hongkong');
INSERT INTO `timezoneTranslation` (`timezoneId`, `langId`, `timezoneName`) VALUES ('Hongkong', 'en', 'Hong Kong Time');
INSERT INTO `timezoneTranslation` (`timezoneId`, `langId`, `timezoneName`) VALUES ('Hongkong', 'ar', 'توقيت هونج كونج');
INSERT INTO `timezone` (`timezoneId`) VALUES ('Iceland');
INSERT INTO `timezoneTranslation` (`timezoneId`, `langId`, `timezoneName`) VALUES ('Iceland', 'en', 'Greenwich Mean Time');
INSERT INTO `timezoneTranslation` (`timezoneId`, `langId`, `timezoneName`) VALUES ('Iceland', 'ar', 'توقيت غرينيتش');
INSERT INTO `timezone` (`timezoneId`) VALUES ('Indian/Antananarivo');
INSERT INTO `timezoneTranslation` (`timezoneId`, `langId`, `timezoneName`) VALUES ('Indian/Antananarivo', 'en', 'Eastern African Time');
INSERT INTO `timezoneTranslation` (`timezoneId`, `langId`, `timezoneName`) VALUES ('Indian/Antananarivo', 'ar', 'توقيت شرق إفريقيا');
INSERT INTO `timezone` (`timezoneId`) VALUES ('Indian/Chagos');
INSERT INTO `timezoneTranslation` (`timezoneId`, `langId`, `timezoneName`) VALUES ('Indian/Chagos', 'en', 'Indian Ocean Territory Time');
INSERT INTO `timezoneTranslation` (`timezoneId`, `langId`, `timezoneName`) VALUES ('Indian/Chagos', 'ar', 'توقيت المحيط الهندي');
INSERT INTO `timezone` (`timezoneId`) VALUES ('Indian/Christmas');
INSERT INTO `timezoneTranslation` (`timezoneId`, `langId`, `timezoneName`) VALUES ('Indian/Christmas', 'en', 'Christmas Island Time');
INSERT INTO `timezoneTranslation` (`timezoneId`, `langId`, `timezoneName`) VALUES ('Indian/Christmas', 'ar', 'توقيت جزيرة الكريسماس');
INSERT INTO `timezone` (`timezoneId`) VALUES ('Indian/Cocos');
INSERT INTO `timezoneTranslation` (`timezoneId`, `langId`, `timezoneName`) VALUES ('Indian/Cocos', 'en', 'Cocos Islands Time');
INSERT INTO `timezoneTranslation` (`timezoneId`, `langId`, `timezoneName`) VALUES ('Indian/Cocos', 'ar', 'توقيت جزر كوكوس');
INSERT INTO `timezone` (`timezoneId`) VALUES ('Indian/Comoro');
INSERT INTO `timezoneTranslation` (`timezoneId`, `langId`, `timezoneName`) VALUES ('Indian/Comoro', 'en', 'Eastern African Time');
INSERT INTO `timezoneTranslation` (`timezoneId`, `langId`, `timezoneName`) VALUES ('Indian/Comoro', 'ar', 'توقيت شرق إفريقيا');
INSERT INTO `timezone` (`timezoneId`) VALUES ('Indian/Kerguelen');
INSERT INTO `timezoneTranslation` (`timezoneId`, `langId`, `timezoneName`) VALUES ('Indian/Kerguelen', 'en', 'French Southern & Antarctic Lands Time');
INSERT INTO `timezoneTranslation` (`timezoneId`, `langId`, `timezoneName`) VALUES ('Indian/Kerguelen', 'ar', 'الأراضي الفرنسية الجنوبية وأنتاركتيكا');
INSERT INTO `timezone` (`timezoneId`) VALUES ('Indian/Mahe');
INSERT INTO `timezoneTranslation` (`timezoneId`, `langId`, `timezoneName`) VALUES ('Indian/Mahe', 'en', 'Seychelles Time');
INSERT INTO `timezoneTranslation` (`timezoneId`, `langId`, `timezoneName`) VALUES ('Indian/Mahe', 'ar', 'توقيت سيشل');
INSERT INTO `timezone` (`timezoneId`) VALUES ('Indian/Maldives');
INSERT INTO `timezoneTranslation` (`timezoneId`, `langId`, `timezoneName`) VALUES ('Indian/Maldives', 'en', 'Maldives Time');
INSERT INTO `timezoneTranslation` (`timezoneId`, `langId`, `timezoneName`) VALUES ('Indian/Maldives', 'ar', 'توقيت جزر المالديف');
INSERT INTO `timezone` (`timezoneId`) VALUES ('Indian/Mauritius');
INSERT INTO `timezoneTranslation` (`timezoneId`, `langId`, `timezoneName`) VALUES ('Indian/Mauritius', 'en', 'Mauritius Time');
INSERT INTO `timezoneTranslation` (`timezoneId`, `langId`, `timezoneName`) VALUES ('Indian/Mauritius', 'ar', 'توقيت موريشيوس');
INSERT INTO `timezone` (`timezoneId`) VALUES ('Indian/Mayotte');
INSERT INTO `timezoneTranslation` (`timezoneId`, `langId`, `timezoneName`) VALUES ('Indian/Mayotte', 'en', 'Eastern African Time');
INSERT INTO `timezoneTranslation` (`timezoneId`, `langId`, `timezoneName`) VALUES ('Indian/Mayotte', 'ar', 'توقيت شرق إفريقيا');
INSERT INTO `timezone` (`timezoneId`) VALUES ('Indian/Reunion');
INSERT INTO `timezoneTranslation` (`timezoneId`, `langId`, `timezoneName`) VALUES ('Indian/Reunion', 'en', 'Reunion Time');
INSERT INTO `timezoneTranslation` (`timezoneId`, `langId`, `timezoneName`) VALUES ('Indian/Reunion', 'ar', 'وقت ريونيون');
INSERT INTO `timezone` (`timezoneId`) VALUES ('Iran');
INSERT INTO `timezoneTranslation` (`timezoneId`, `langId`, `timezoneName`) VALUES ('Iran', 'en', 'Iran Standard Time');
INSERT INTO `timezoneTranslation` (`timezoneId`, `langId`, `timezoneName`) VALUES ('Iran', 'ar', 'توقيت إيران الرسمي');
INSERT INTO `timezone` (`timezoneId`) VALUES ('Israel');
INSERT INTO `timezoneTranslation` (`timezoneId`, `langId`, `timezoneName`) VALUES ('Israel', 'en', 'Israel Standard Time');
INSERT INTO `timezoneTranslation` (`timezoneId`, `langId`, `timezoneName`) VALUES ('Israel', 'ar', 'إسرائيل رسمي');
INSERT INTO `timezone` (`timezoneId`) VALUES ('Jamaica');
INSERT INTO `timezoneTranslation` (`timezoneId`, `langId`, `timezoneName`) VALUES ('Jamaica', 'en', 'Eastern Standard Time');
INSERT INTO `timezoneTranslation` (`timezoneId`, `langId`, `timezoneName`) VALUES ('Jamaica', 'ar', 'التوقيت الشرقي');
INSERT INTO `timezone` (`timezoneId`) VALUES ('Japan');
INSERT INTO `timezoneTranslation` (`timezoneId`, `langId`, `timezoneName`) VALUES ('Japan', 'en', 'Japan Standard Time');
INSERT INTO `timezoneTranslation` (`timezoneId`, `langId`, `timezoneName`) VALUES ('Japan', 'ar', 'توقيت اليابان الرسمي');
INSERT INTO `timezone` (`timezoneId`) VALUES ('Kwajalein');
INSERT INTO `timezoneTranslation` (`timezoneId`, `langId`, `timezoneName`) VALUES ('Kwajalein', 'en', 'Marshall Islands Time');
INSERT INTO `timezoneTranslation` (`timezoneId`, `langId`, `timezoneName`) VALUES ('Kwajalein', 'ar', 'توقيت جزر مارشال');
INSERT INTO `timezone` (`timezoneId`) VALUES ('Libya');
INSERT INTO `timezoneTranslation` (`timezoneId`, `langId`, `timezoneName`) VALUES ('Libya', 'en', 'Eastern European Time');
INSERT INTO `timezoneTranslation` (`timezoneId`, `langId`, `timezoneName`) VALUES ('Libya', 'ar', 'توقيت شرق أوروبا');
INSERT INTO `timezone` (`timezoneId`) VALUES ('MET');
INSERT INTO `timezoneTranslation` (`timezoneId`, `langId`, `timezoneName`) VALUES ('MET', 'en', 'Middle Europe Time');
INSERT INTO `timezoneTranslation` (`timezoneId`, `langId`, `timezoneName`) VALUES ('MET', 'ar', 'توقيت وسط أوروبا');
INSERT INTO `timezone` (`timezoneId`) VALUES ('MST7MDT');
INSERT INTO `timezoneTranslation` (`timezoneId`, `langId`, `timezoneName`) VALUES ('MST7MDT', 'en', 'Mountain Standard Time');
INSERT INTO `timezoneTranslation` (`timezoneId`, `langId`, `timezoneName`) VALUES ('MST7MDT', 'ar', 'التوقيت الجبلي القياسي');
INSERT INTO `timezone` (`timezoneId`) VALUES ('Mexico/BajaNorte');
INSERT INTO `timezoneTranslation` (`timezoneId`, `langId`, `timezoneName`) VALUES ('Mexico/BajaNorte', 'en', 'Pacific Standard Time');
INSERT INTO `timezoneTranslation` (`timezoneId`, `langId`, `timezoneName`) VALUES ('Mexico/BajaNorte', 'ar', 'الوقت الباسيفيكي القياسي');
INSERT INTO `timezone` (`timezoneId`) VALUES ('Mexico/BajaSur');
INSERT INTO `timezoneTranslation` (`timezoneId`, `langId`, `timezoneName`) VALUES ('Mexico/BajaSur', 'en', 'Mountain Standard Time');
INSERT INTO `timezoneTranslation` (`timezoneId`, `langId`, `timezoneName`) VALUES ('Mexico/BajaSur', 'ar', 'التوقيت الجبلي القياسي');
INSERT INTO `timezone` (`timezoneId`) VALUES ('Mexico/General');
INSERT INTO `timezoneTranslation` (`timezoneId`, `langId`, `timezoneName`) VALUES ('Mexico/General', 'en', 'Central Standard Time');
INSERT INTO `timezoneTranslation` (`timezoneId`, `langId`, `timezoneName`) VALUES ('Mexico/General', 'ar', 'الوقت القياسي المركزي');
INSERT INTO `timezone` (`timezoneId`) VALUES ('NZ');
INSERT INTO `timezoneTranslation` (`timezoneId`, `langId`, `timezoneName`) VALUES ('NZ', 'en', 'New Zealand Standard Time');
INSERT INTO `timezoneTranslation` (`timezoneId`, `langId`, `timezoneName`) VALUES ('NZ', 'ar', 'التوقيت الرسمي لنيوزيلندا');
INSERT INTO `timezone` (`timezoneId`) VALUES ('NZ-CHAT');
INSERT INTO `timezoneTranslation` (`timezoneId`, `langId`, `timezoneName`) VALUES ('NZ-CHAT', 'en', 'Chatham Standard Time');
INSERT INTO `timezoneTranslation` (`timezoneId`, `langId`, `timezoneName`) VALUES ('NZ-CHAT', 'ar', 'Chatham التوقيت الرسمي');
INSERT INTO `timezone` (`timezoneId`) VALUES ('Navajo');
INSERT INTO `timezoneTranslation` (`timezoneId`, `langId`, `timezoneName`) VALUES ('Navajo', 'en', 'Mountain Standard Time');
INSERT INTO `timezoneTranslation` (`timezoneId`, `langId`, `timezoneName`) VALUES ('Navajo', 'ar', 'التوقيت الجبلي القياسي');
INSERT INTO `timezone` (`timezoneId`) VALUES ('PRC');
INSERT INTO `timezoneTranslation` (`timezoneId`, `langId`, `timezoneName`) VALUES ('PRC', 'en', 'China Standard Time');
INSERT INTO `timezoneTranslation` (`timezoneId`, `langId`, `timezoneName`) VALUES ('PRC', 'ar', 'الصين التوقيت الرسمي');
INSERT INTO `timezone` (`timezoneId`) VALUES ('PST8PDT');
INSERT INTO `timezoneTranslation` (`timezoneId`, `langId`, `timezoneName`) VALUES ('PST8PDT', 'en', 'Pacific Standard Time');
INSERT INTO `timezoneTranslation` (`timezoneId`, `langId`, `timezoneName`) VALUES ('PST8PDT', 'ar', 'الوقت الباسيفيكي القياسي');
INSERT INTO `timezone` (`timezoneId`) VALUES ('Pacific/Apia');
INSERT INTO `timezoneTranslation` (`timezoneId`, `langId`, `timezoneName`) VALUES ('Pacific/Apia', 'en', 'West Samoa Standard Time');
INSERT INTO `timezoneTranslation` (`timezoneId`, `langId`, `timezoneName`) VALUES ('Pacific/Apia', 'ar', 'توقيت ساموا الغربية الرسمي');
INSERT INTO `timezone` (`timezoneId`) VALUES ('Pacific/Auckland');
INSERT INTO `timezoneTranslation` (`timezoneId`, `langId`, `timezoneName`) VALUES ('Pacific/Auckland', 'en', 'New Zealand Standard Time');
INSERT INTO `timezoneTranslation` (`timezoneId`, `langId`, `timezoneName`) VALUES ('Pacific/Auckland', 'ar', 'التوقيت الرسمي لنيوزيلندا');
INSERT INTO `timezone` (`timezoneId`) VALUES ('Pacific/Bougainville');
INSERT INTO `timezoneTranslation` (`timezoneId`, `langId`, `timezoneName`) VALUES ('Pacific/Bougainville', 'en', 'Bougainville Standard Time');
INSERT INTO `timezoneTranslation` (`timezoneId`, `langId`, `timezoneName`) VALUES ('Pacific/Bougainville', 'ar', 'بوغانفيل التوقيت الرسمي');
INSERT INTO `timezone` (`timezoneId`) VALUES ('Pacific/Chatham');
INSERT INTO `timezoneTranslation` (`timezoneId`, `langId`, `timezoneName`) VALUES ('Pacific/Chatham', 'en', 'Chatham Standard Time');
INSERT INTO `timezoneTranslation` (`timezoneId`, `langId`, `timezoneName`) VALUES ('Pacific/Chatham', 'ar', 'Chatham التوقيت الرسمي');
INSERT INTO `timezone` (`timezoneId`) VALUES ('Pacific/Chuuk');
INSERT INTO `timezoneTranslation` (`timezoneId`, `langId`, `timezoneName`) VALUES ('Pacific/Chuuk', 'en', 'Chuuk Time');
INSERT INTO `timezoneTranslation` (`timezoneId`, `langId`, `timezoneName`) VALUES ('Pacific/Chuuk', 'ar', 'تشوك تايم');
INSERT INTO `timezone` (`timezoneId`) VALUES ('Pacific/Easter');
INSERT INTO `timezoneTranslation` (`timezoneId`, `langId`, `timezoneName`) VALUES ('Pacific/Easter', 'en', 'Easter Is. Time');
INSERT INTO `timezoneTranslation` (`timezoneId`, `langId`, `timezoneName`) VALUES ('Pacific/Easter', 'ar', 'عيد الفصح هو. زمن');
INSERT INTO `timezone` (`timezoneId`) VALUES ('Pacific/Efate');
INSERT INTO `timezoneTranslation` (`timezoneId`, `langId`, `timezoneName`) VALUES ('Pacific/Efate', 'en', 'Vanuatu Time');
INSERT INTO `timezoneTranslation` (`timezoneId`, `langId`, `timezoneName`) VALUES ('Pacific/Efate', 'ar', 'توقيت فانواتو');
INSERT INTO `timezone` (`timezoneId`) VALUES ('Pacific/Enderbury');
INSERT INTO `timezoneTranslation` (`timezoneId`, `langId`, `timezoneName`) VALUES ('Pacific/Enderbury', 'en', 'Phoenix Is. Time');
INSERT INTO `timezoneTranslation` (`timezoneId`, `langId`, `timezoneName`) VALUES ('Pacific/Enderbury', 'ar', 'فينيكس هو. زمن');
INSERT INTO `timezone` (`timezoneId`) VALUES ('Pacific/Fakaofo');
INSERT INTO `timezoneTranslation` (`timezoneId`, `langId`, `timezoneName`) VALUES ('Pacific/Fakaofo', 'en', 'Tokelau Time');
INSERT INTO `timezoneTranslation` (`timezoneId`, `langId`, `timezoneName`) VALUES ('Pacific/Fakaofo', 'ar', 'توقيت توكيلاو');
INSERT INTO `timezone` (`timezoneId`) VALUES ('Pacific/Fiji');
INSERT INTO `timezoneTranslation` (`timezoneId`, `langId`, `timezoneName`) VALUES ('Pacific/Fiji', 'en', 'Fiji Time');
INSERT INTO `timezoneTranslation` (`timezoneId`, `langId`, `timezoneName`) VALUES ('Pacific/Fiji', 'ar', 'فيجي الوقت');
INSERT INTO `timezone` (`timezoneId`) VALUES ('Pacific/Funafuti');
INSERT INTO `timezoneTranslation` (`timezoneId`, `langId`, `timezoneName`) VALUES ('Pacific/Funafuti', 'en', 'Tuvalu Time');
INSERT INTO `timezoneTranslation` (`timezoneId`, `langId`, `timezoneName`) VALUES ('Pacific/Funafuti', 'ar', 'توفالو الوقت');
INSERT INTO `timezone` (`timezoneId`) VALUES ('Pacific/Galapagos');
INSERT INTO `timezoneTranslation` (`timezoneId`, `langId`, `timezoneName`) VALUES ('Pacific/Galapagos', 'en', 'Galapagos Time');
INSERT INTO `timezoneTranslation` (`timezoneId`, `langId`, `timezoneName`) VALUES ('Pacific/Galapagos', 'ar', 'توقيت غالاباغوس');
INSERT INTO `timezone` (`timezoneId`) VALUES ('Pacific/Gambier');
INSERT INTO `timezoneTranslation` (`timezoneId`, `langId`, `timezoneName`) VALUES ('Pacific/Gambier', 'en', 'Gambier Time');
INSERT INTO `timezoneTranslation` (`timezoneId`, `langId`, `timezoneName`) VALUES ('Pacific/Gambier', 'ar', 'توقيت جامبير');
INSERT INTO `timezone` (`timezoneId`) VALUES ('Pacific/Guadalcanal');
INSERT INTO `timezoneTranslation` (`timezoneId`, `langId`, `timezoneName`) VALUES ('Pacific/Guadalcanal', 'en', 'Solomon Is. Time');
INSERT INTO `timezoneTranslation` (`timezoneId`, `langId`, `timezoneName`) VALUES ('Pacific/Guadalcanal', 'ar', 'سليمان هو. زمن');
INSERT INTO `timezone` (`timezoneId`) VALUES ('Pacific/Guam');
INSERT INTO `timezoneTranslation` (`timezoneId`, `langId`, `timezoneName`) VALUES ('Pacific/Guam', 'en', 'Chamorro Standard Time');
INSERT INTO `timezoneTranslation` (`timezoneId`, `langId`, `timezoneName`) VALUES ('Pacific/Guam', 'ar', 'شامورو التوقيت الرسمي');
INSERT INTO `timezone` (`timezoneId`) VALUES ('Pacific/Honolulu');
INSERT INTO `timezoneTranslation` (`timezoneId`, `langId`, `timezoneName`) VALUES ('Pacific/Honolulu', 'en', 'Hawaii Standard Time');
INSERT INTO `timezoneTranslation` (`timezoneId`, `langId`, `timezoneName`) VALUES ('Pacific/Honolulu', 'ar', 'هاواي التوقيت الرسمي');
INSERT INTO `timezone` (`timezoneId`) VALUES ('Pacific/Johnston');
INSERT INTO `timezoneTranslation` (`timezoneId`, `langId`, `timezoneName`) VALUES ('Pacific/Johnston', 'en', 'Hawaii Standard Time');
INSERT INTO `timezoneTranslation` (`timezoneId`, `langId`, `timezoneName`) VALUES ('Pacific/Johnston', 'ar', 'هاواي التوقيت الرسمي');
INSERT INTO `timezone` (`timezoneId`) VALUES ('Pacific/Kiritimati');
INSERT INTO `timezoneTranslation` (`timezoneId`, `langId`, `timezoneName`) VALUES ('Pacific/Kiritimati', 'en', 'Line Is. Time');
INSERT INTO `timezoneTranslation` (`timezoneId`, `langId`, `timezoneName`) VALUES ('Pacific/Kiritimati', 'ar', 'الخط هو. زمن');
INSERT INTO `timezone` (`timezoneId`) VALUES ('Pacific/Kosrae');
INSERT INTO `timezoneTranslation` (`timezoneId`, `langId`, `timezoneName`) VALUES ('Pacific/Kosrae', 'en', 'Kosrae Time');
INSERT INTO `timezoneTranslation` (`timezoneId`, `langId`, `timezoneName`) VALUES ('Pacific/Kosrae', 'ar', 'كوسري تايم');
INSERT INTO `timezone` (`timezoneId`) VALUES ('Pacific/Kwajalein');
INSERT INTO `timezoneTranslation` (`timezoneId`, `langId`, `timezoneName`) VALUES ('Pacific/Kwajalein', 'en', 'Marshall Islands Time');
INSERT INTO `timezoneTranslation` (`timezoneId`, `langId`, `timezoneName`) VALUES ('Pacific/Kwajalein', 'ar', 'توقيت جزر مارشال');
INSERT INTO `timezone` (`timezoneId`) VALUES ('Pacific/Majuro');
INSERT INTO `timezoneTranslation` (`timezoneId`, `langId`, `timezoneName`) VALUES ('Pacific/Majuro', 'en', 'Marshall Islands Time');
INSERT INTO `timezoneTranslation` (`timezoneId`, `langId`, `timezoneName`) VALUES ('Pacific/Majuro', 'ar', 'توقيت جزر مارشال');
INSERT INTO `timezone` (`timezoneId`) VALUES ('Pacific/Marquesas');
INSERT INTO `timezoneTranslation` (`timezoneId`, `langId`, `timezoneName`) VALUES ('Pacific/Marquesas', 'en', 'Marquesas Time');
INSERT INTO `timezoneTranslation` (`timezoneId`, `langId`, `timezoneName`) VALUES ('Pacific/Marquesas', 'ar', 'توقيت ماركيساس');
INSERT INTO `timezone` (`timezoneId`) VALUES ('Pacific/Midway');
INSERT INTO `timezoneTranslation` (`timezoneId`, `langId`, `timezoneName`) VALUES ('Pacific/Midway', 'en', 'Samoa Standard Time');
INSERT INTO `timezoneTranslation` (`timezoneId`, `langId`, `timezoneName`) VALUES ('Pacific/Midway', 'ar', 'ساموا التوقيت الرسمي');
INSERT INTO `timezone` (`timezoneId`) VALUES ('Pacific/Nauru');
INSERT INTO `timezoneTranslation` (`timezoneId`, `langId`, `timezoneName`) VALUES ('Pacific/Nauru', 'en', 'Nauru Time');
INSERT INTO `timezoneTranslation` (`timezoneId`, `langId`, `timezoneName`) VALUES ('Pacific/Nauru', 'ar', 'توقيت ناورو');
INSERT INTO `timezone` (`timezoneId`) VALUES ('Pacific/Niue');
INSERT INTO `timezoneTranslation` (`timezoneId`, `langId`, `timezoneName`) VALUES ('Pacific/Niue', 'en', 'Niue Time');
INSERT INTO `timezoneTranslation` (`timezoneId`, `langId`, `timezoneName`) VALUES ('Pacific/Niue', 'ar', 'نيوي الوقت');
INSERT INTO `timezone` (`timezoneId`) VALUES ('Pacific/Norfolk');
INSERT INTO `timezoneTranslation` (`timezoneId`, `langId`, `timezoneName`) VALUES ('Pacific/Norfolk', 'en', 'Norfolk Time');
INSERT INTO `timezoneTranslation` (`timezoneId`, `langId`, `timezoneName`) VALUES ('Pacific/Norfolk', 'ar', 'توقيت نورفولك');
INSERT INTO `timezone` (`timezoneId`) VALUES ('Pacific/Noumea');
INSERT INTO `timezoneTranslation` (`timezoneId`, `langId`, `timezoneName`) VALUES ('Pacific/Noumea', 'en', 'New Caledonia Time');
INSERT INTO `timezoneTranslation` (`timezoneId`, `langId`, `timezoneName`) VALUES ('Pacific/Noumea', 'ar', 'كاليدونيا الجديدة');
INSERT INTO `timezone` (`timezoneId`) VALUES ('Pacific/Pago_Pago');
INSERT INTO `timezoneTranslation` (`timezoneId`, `langId`, `timezoneName`) VALUES ('Pacific/Pago_Pago', 'en', 'Samoa Standard Time');
INSERT INTO `timezoneTranslation` (`timezoneId`, `langId`, `timezoneName`) VALUES ('Pacific/Pago_Pago', 'ar', 'ساموا التوقيت الرسمي');
INSERT INTO `timezone` (`timezoneId`) VALUES ('Pacific/Palau');
INSERT INTO `timezoneTranslation` (`timezoneId`, `langId`, `timezoneName`) VALUES ('Pacific/Palau', 'en', 'Palau Time');
INSERT INTO `timezoneTranslation` (`timezoneId`, `langId`, `timezoneName`) VALUES ('Pacific/Palau', 'ar', 'بالاو تايم');
INSERT INTO `timezone` (`timezoneId`) VALUES ('Pacific/Pitcairn');
INSERT INTO `timezoneTranslation` (`timezoneId`, `langId`, `timezoneName`) VALUES ('Pacific/Pitcairn', 'en', 'Pitcairn Standard Time');
INSERT INTO `timezoneTranslation` (`timezoneId`, `langId`, `timezoneName`) VALUES ('Pacific/Pitcairn', 'ar', 'توقيت بيتكيرن الرسمي');
INSERT INTO `timezone` (`timezoneId`) VALUES ('Pacific/Pohnpei');
INSERT INTO `timezoneTranslation` (`timezoneId`, `langId`, `timezoneName`) VALUES ('Pacific/Pohnpei', 'en', 'Pohnpei Time');
INSERT INTO `timezoneTranslation` (`timezoneId`, `langId`, `timezoneName`) VALUES ('Pacific/Pohnpei', 'ar', 'بوهنبي الوقت');
INSERT INTO `timezone` (`timezoneId`) VALUES ('Pacific/Ponape');
INSERT INTO `timezoneTranslation` (`timezoneId`, `langId`, `timezoneName`) VALUES ('Pacific/Ponape', 'en', 'Pohnpei Time');
INSERT INTO `timezoneTranslation` (`timezoneId`, `langId`, `timezoneName`) VALUES ('Pacific/Ponape', 'ar', 'بوهنبي الوقت');
INSERT INTO `timezone` (`timezoneId`) VALUES ('Pacific/Port_Moresby');
INSERT INTO `timezoneTranslation` (`timezoneId`, `langId`, `timezoneName`) VALUES ('Pacific/Port_Moresby', 'en', 'Papua New Guinea Time');
INSERT INTO `timezoneTranslation` (`timezoneId`, `langId`, `timezoneName`) VALUES ('Pacific/Port_Moresby', 'ar', 'بابوا غينيا الجديدة الوقت');
INSERT INTO `timezone` (`timezoneId`) VALUES ('Pacific/Rarotonga');
INSERT INTO `timezoneTranslation` (`timezoneId`, `langId`, `timezoneName`) VALUES ('Pacific/Rarotonga', 'en', 'Cook Is. Time');
INSERT INTO `timezoneTranslation` (`timezoneId`, `langId`, `timezoneName`) VALUES ('Pacific/Rarotonga', 'ar', 'كوك هو. زمن');
INSERT INTO `timezone` (`timezoneId`) VALUES ('Pacific/Saipan');
INSERT INTO `timezoneTranslation` (`timezoneId`, `langId`, `timezoneName`) VALUES ('Pacific/Saipan', 'en', 'Chamorro Standard Time');
INSERT INTO `timezoneTranslation` (`timezoneId`, `langId`, `timezoneName`) VALUES ('Pacific/Saipan', 'ar', 'شامورو التوقيت الرسمي');
INSERT INTO `timezone` (`timezoneId`) VALUES ('Pacific/Samoa');
INSERT INTO `timezoneTranslation` (`timezoneId`, `langId`, `timezoneName`) VALUES ('Pacific/Samoa', 'en', 'Samoa Standard Time');
INSERT INTO `timezoneTranslation` (`timezoneId`, `langId`, `timezoneName`) VALUES ('Pacific/Samoa', 'ar', 'ساموا التوقيت الرسمي');
INSERT INTO `timezone` (`timezoneId`) VALUES ('Pacific/Tahiti');
INSERT INTO `timezoneTranslation` (`timezoneId`, `langId`, `timezoneName`) VALUES ('Pacific/Tahiti', 'en', 'Tahiti Time');
INSERT INTO `timezoneTranslation` (`timezoneId`, `langId`, `timezoneName`) VALUES ('Pacific/Tahiti', 'ar', 'تاهيتي الوقت');
INSERT INTO `timezone` (`timezoneId`) VALUES ('Pacific/Tarawa');
INSERT INTO `timezoneTranslation` (`timezoneId`, `langId`, `timezoneName`) VALUES ('Pacific/Tarawa', 'en', 'Gilbert Is. Time');
INSERT INTO `timezoneTranslation` (`timezoneId`, `langId`, `timezoneName`) VALUES ('Pacific/Tarawa', 'ar', 'جيلبرت هو. زمن');
INSERT INTO `timezone` (`timezoneId`) VALUES ('Pacific/Tongatapu');
INSERT INTO `timezoneTranslation` (`timezoneId`, `langId`, `timezoneName`) VALUES ('Pacific/Tongatapu', 'en', 'Tonga Time');
INSERT INTO `timezoneTranslation` (`timezoneId`, `langId`, `timezoneName`) VALUES ('Pacific/Tongatapu', 'ar', 'تونغا الوقت');
INSERT INTO `timezone` (`timezoneId`) VALUES ('Pacific/Truk');
INSERT INTO `timezoneTranslation` (`timezoneId`, `langId`, `timezoneName`) VALUES ('Pacific/Truk', 'en', 'Chuuk Time');
INSERT INTO `timezoneTranslation` (`timezoneId`, `langId`, `timezoneName`) VALUES ('Pacific/Truk', 'ar', 'تشوك تايم');
INSERT INTO `timezone` (`timezoneId`) VALUES ('Pacific/Wake');
INSERT INTO `timezoneTranslation` (`timezoneId`, `langId`, `timezoneName`) VALUES ('Pacific/Wake', 'en', 'Wake Time');
INSERT INTO `timezoneTranslation` (`timezoneId`, `langId`, `timezoneName`) VALUES ('Pacific/Wake', 'ar', 'وقت الايقاظ');
INSERT INTO `timezone` (`timezoneId`) VALUES ('Pacific/Wallis');
INSERT INTO `timezoneTranslation` (`timezoneId`, `langId`, `timezoneName`) VALUES ('Pacific/Wallis', 'en', 'Wallis & Futuna Time');
INSERT INTO `timezoneTranslation` (`timezoneId`, `langId`, `timezoneName`) VALUES ('Pacific/Wallis', 'ar', 'واليس وفوتونا الوقت');
INSERT INTO `timezone` (`timezoneId`) VALUES ('Pacific/Yap');
INSERT INTO `timezoneTranslation` (`timezoneId`, `langId`, `timezoneName`) VALUES ('Pacific/Yap', 'en', 'Chuuk Time');
INSERT INTO `timezoneTranslation` (`timezoneId`, `langId`, `timezoneName`) VALUES ('Pacific/Yap', 'ar', 'تشوك تايم');
INSERT INTO `timezone` (`timezoneId`) VALUES ('Poland');
INSERT INTO `timezoneTranslation` (`timezoneId`, `langId`, `timezoneName`) VALUES ('Poland', 'en', 'Central European Time');
INSERT INTO `timezoneTranslation` (`timezoneId`, `langId`, `timezoneName`) VALUES ('Poland', 'ar', 'توقيت وسط أوروبا');
INSERT INTO `timezone` (`timezoneId`) VALUES ('Portugal');
INSERT INTO `timezoneTranslation` (`timezoneId`, `langId`, `timezoneName`) VALUES ('Portugal', 'en', 'Western European Time');
INSERT INTO `timezoneTranslation` (`timezoneId`, `langId`, `timezoneName`) VALUES ('Portugal', 'ar', 'توقيت غرب أوروبا');
INSERT INTO `timezone` (`timezoneId`) VALUES ('ROK');
INSERT INTO `timezoneTranslation` (`timezoneId`, `langId`, `timezoneName`) VALUES ('ROK', 'en', 'Korea Standard Time');
INSERT INTO `timezoneTranslation` (`timezoneId`, `langId`, `timezoneName`) VALUES ('ROK', 'ar', 'توقيت كوريا الرسمي');
INSERT INTO `timezone` (`timezoneId`) VALUES ('Singapore');
INSERT INTO `timezoneTranslation` (`timezoneId`, `langId`, `timezoneName`) VALUES ('Singapore', 'en', 'Singapore Time');
INSERT INTO `timezoneTranslation` (`timezoneId`, `langId`, `timezoneName`) VALUES ('Singapore', 'ar', 'توقيت سنغافورة');
INSERT INTO `timezone` (`timezoneId`) VALUES ('SystemV/AST4');
INSERT INTO `timezoneTranslation` (`timezoneId`, `langId`, `timezoneName`) VALUES ('SystemV/AST4', 'en', 'Atlantic Standard Time');
INSERT INTO `timezoneTranslation` (`timezoneId`, `langId`, `timezoneName`) VALUES ('SystemV/AST4', 'ar', 'توقيت المحيط الأطلسي');
INSERT INTO `timezone` (`timezoneId`) VALUES ('SystemV/AST4ADT');
INSERT INTO `timezoneTranslation` (`timezoneId`, `langId`, `timezoneName`) VALUES ('SystemV/AST4ADT', 'en', 'Atlantic Standard Time');
INSERT INTO `timezoneTranslation` (`timezoneId`, `langId`, `timezoneName`) VALUES ('SystemV/AST4ADT', 'ar', 'توقيت المحيط الأطلسي');
INSERT INTO `timezone` (`timezoneId`) VALUES ('SystemV/CST6');
INSERT INTO `timezoneTranslation` (`timezoneId`, `langId`, `timezoneName`) VALUES ('SystemV/CST6', 'en', 'Central Standard Time');
INSERT INTO `timezoneTranslation` (`timezoneId`, `langId`, `timezoneName`) VALUES ('SystemV/CST6', 'ar', 'الوقت القياسي المركزي');
INSERT INTO `timezone` (`timezoneId`) VALUES ('SystemV/CST6CDT');
INSERT INTO `timezoneTranslation` (`timezoneId`, `langId`, `timezoneName`) VALUES ('SystemV/CST6CDT', 'en', 'Central Standard Time');
INSERT INTO `timezoneTranslation` (`timezoneId`, `langId`, `timezoneName`) VALUES ('SystemV/CST6CDT', 'ar', 'الوقت القياسي المركزي');
INSERT INTO `timezone` (`timezoneId`) VALUES ('SystemV/EST5');
INSERT INTO `timezoneTranslation` (`timezoneId`, `langId`, `timezoneName`) VALUES ('SystemV/EST5', 'en', 'Eastern Standard Time');
INSERT INTO `timezoneTranslation` (`timezoneId`, `langId`, `timezoneName`) VALUES ('SystemV/EST5', 'ar', 'التوقيت الشرقي');
INSERT INTO `timezone` (`timezoneId`) VALUES ('SystemV/EST5EDT');
INSERT INTO `timezoneTranslation` (`timezoneId`, `langId`, `timezoneName`) VALUES ('SystemV/EST5EDT', 'en', 'Eastern Standard Time');
INSERT INTO `timezoneTranslation` (`timezoneId`, `langId`, `timezoneName`) VALUES ('SystemV/EST5EDT', 'ar', 'التوقيت الشرقي');
INSERT INTO `timezone` (`timezoneId`) VALUES ('SystemV/HST10');
INSERT INTO `timezoneTranslation` (`timezoneId`, `langId`, `timezoneName`) VALUES ('SystemV/HST10', 'en', 'Hawaii Standard Time');
INSERT INTO `timezoneTranslation` (`timezoneId`, `langId`, `timezoneName`) VALUES ('SystemV/HST10', 'ar', 'هاواي التوقيت الرسمي');
INSERT INTO `timezone` (`timezoneId`) VALUES ('SystemV/MST7');
INSERT INTO `timezoneTranslation` (`timezoneId`, `langId`, `timezoneName`) VALUES ('SystemV/MST7', 'en', 'Mountain Standard Time');
INSERT INTO `timezoneTranslation` (`timezoneId`, `langId`, `timezoneName`) VALUES ('SystemV/MST7', 'ar', 'التوقيت الجبلي القياسي');
INSERT INTO `timezone` (`timezoneId`) VALUES ('SystemV/MST7MDT');
INSERT INTO `timezoneTranslation` (`timezoneId`, `langId`, `timezoneName`) VALUES ('SystemV/MST7MDT', 'en', 'Mountain Standard Time');
INSERT INTO `timezoneTranslation` (`timezoneId`, `langId`, `timezoneName`) VALUES ('SystemV/MST7MDT', 'ar', 'التوقيت الجبلي القياسي');
INSERT INTO `timezone` (`timezoneId`) VALUES ('SystemV/PST8');
INSERT INTO `timezoneTranslation` (`timezoneId`, `langId`, `timezoneName`) VALUES ('SystemV/PST8', 'en', 'Pacific Standard Time');
INSERT INTO `timezoneTranslation` (`timezoneId`, `langId`, `timezoneName`) VALUES ('SystemV/PST8', 'ar', 'الوقت الباسيفيكي القياسي');
INSERT INTO `timezone` (`timezoneId`) VALUES ('SystemV/PST8PDT');
INSERT INTO `timezoneTranslation` (`timezoneId`, `langId`, `timezoneName`) VALUES ('SystemV/PST8PDT', 'en', 'Pacific Standard Time');
INSERT INTO `timezoneTranslation` (`timezoneId`, `langId`, `timezoneName`) VALUES ('SystemV/PST8PDT', 'ar', 'الوقت الباسيفيكي القياسي');
INSERT INTO `timezone` (`timezoneId`) VALUES ('SystemV/YST9');
INSERT INTO `timezoneTranslation` (`timezoneId`, `langId`, `timezoneName`) VALUES ('SystemV/YST9', 'en', 'Alaska Standard Time');
INSERT INTO `timezoneTranslation` (`timezoneId`, `langId`, `timezoneName`) VALUES ('SystemV/YST9', 'ar', 'توقيت ألاسكا الرسمي');
INSERT INTO `timezone` (`timezoneId`) VALUES ('SystemV/YST9YDT');
INSERT INTO `timezoneTranslation` (`timezoneId`, `langId`, `timezoneName`) VALUES ('SystemV/YST9YDT', 'en', 'Alaska Standard Time');
INSERT INTO `timezoneTranslation` (`timezoneId`, `langId`, `timezoneName`) VALUES ('SystemV/YST9YDT', 'ar', 'توقيت ألاسكا الرسمي');
INSERT INTO `timezone` (`timezoneId`) VALUES ('Turkey');
INSERT INTO `timezoneTranslation` (`timezoneId`, `langId`, `timezoneName`) VALUES ('Turkey', 'en', 'Eastern European Time');
INSERT INTO `timezoneTranslation` (`timezoneId`, `langId`, `timezoneName`) VALUES ('Turkey', 'ar', 'توقيت شرق أوروبا');
INSERT INTO `timezone` (`timezoneId`) VALUES ('UCT');
INSERT INTO `timezoneTranslation` (`timezoneId`, `langId`, `timezoneName`) VALUES ('UCT', 'en', 'Coordinated Universal Time');
INSERT INTO `timezoneTranslation` (`timezoneId`, `langId`, `timezoneName`) VALUES ('UCT', 'ar', 'توقيت عالمي متناسق');
INSERT INTO `timezone` (`timezoneId`) VALUES ('US/Alaska');
INSERT INTO `timezoneTranslation` (`timezoneId`, `langId`, `timezoneName`) VALUES ('US/Alaska', 'en', 'Alaska Standard Time');
INSERT INTO `timezoneTranslation` (`timezoneId`, `langId`, `timezoneName`) VALUES ('US/Alaska', 'ar', 'توقيت ألاسكا الرسمي');
INSERT INTO `timezone` (`timezoneId`) VALUES ('US/Aleutian');
INSERT INTO `timezoneTranslation` (`timezoneId`, `langId`, `timezoneName`) VALUES ('US/Aleutian', 'en', 'Hawaii Standard Time');
INSERT INTO `timezoneTranslation` (`timezoneId`, `langId`, `timezoneName`) VALUES ('US/Aleutian', 'ar', 'هاواي التوقيت الرسمي');
INSERT INTO `timezone` (`timezoneId`) VALUES ('US/Arizona');
INSERT INTO `timezoneTranslation` (`timezoneId`, `langId`, `timezoneName`) VALUES ('US/Arizona', 'en', 'Mountain Standard Time');
INSERT INTO `timezoneTranslation` (`timezoneId`, `langId`, `timezoneName`) VALUES ('US/Arizona', 'ar', 'التوقيت الجبلي القياسي');
INSERT INTO `timezone` (`timezoneId`) VALUES ('US/Central');
INSERT INTO `timezoneTranslation` (`timezoneId`, `langId`, `timezoneName`) VALUES ('US/Central', 'en', 'Central Standard Time');
INSERT INTO `timezoneTranslation` (`timezoneId`, `langId`, `timezoneName`) VALUES ('US/Central', 'ar', 'الوقت القياسي المركزي');
INSERT INTO `timezone` (`timezoneId`) VALUES ('US/East-Indiana');
INSERT INTO `timezoneTranslation` (`timezoneId`, `langId`, `timezoneName`) VALUES ('US/East-Indiana', 'en', 'Eastern Standard Time');
INSERT INTO `timezoneTranslation` (`timezoneId`, `langId`, `timezoneName`) VALUES ('US/East-Indiana', 'ar', 'التوقيت الشرقي');
INSERT INTO `timezone` (`timezoneId`) VALUES ('US/Eastern');
INSERT INTO `timezoneTranslation` (`timezoneId`, `langId`, `timezoneName`) VALUES ('US/Eastern', 'en', 'Eastern Standard Time');
INSERT INTO `timezoneTranslation` (`timezoneId`, `langId`, `timezoneName`) VALUES ('US/Eastern', 'ar', 'التوقيت الشرقي');
INSERT INTO `timezone` (`timezoneId`) VALUES ('US/Hawaii');
INSERT INTO `timezoneTranslation` (`timezoneId`, `langId`, `timezoneName`) VALUES ('US/Hawaii', 'en', 'Hawaii Standard Time');
INSERT INTO `timezoneTranslation` (`timezoneId`, `langId`, `timezoneName`) VALUES ('US/Hawaii', 'ar', 'هاواي التوقيت الرسمي');
INSERT INTO `timezone` (`timezoneId`) VALUES ('US/Indiana-Starke');
INSERT INTO `timezoneTranslation` (`timezoneId`, `langId`, `timezoneName`) VALUES ('US/Indiana-Starke', 'en', 'Central Standard Time');
INSERT INTO `timezoneTranslation` (`timezoneId`, `langId`, `timezoneName`) VALUES ('US/Indiana-Starke', 'ar', 'الوقت القياسي المركزي');
INSERT INTO `timezone` (`timezoneId`) VALUES ('US/Michigan');
INSERT INTO `timezoneTranslation` (`timezoneId`, `langId`, `timezoneName`) VALUES ('US/Michigan', 'en', 'Eastern Standard Time');
INSERT INTO `timezoneTranslation` (`timezoneId`, `langId`, `timezoneName`) VALUES ('US/Michigan', 'ar', 'التوقيت الشرقي');
INSERT INTO `timezone` (`timezoneId`) VALUES ('US/Mountain');
INSERT INTO `timezoneTranslation` (`timezoneId`, `langId`, `timezoneName`) VALUES ('US/Mountain', 'en', 'Mountain Standard Time');
INSERT INTO `timezoneTranslation` (`timezoneId`, `langId`, `timezoneName`) VALUES ('US/Mountain', 'ar', 'التوقيت الجبلي القياسي');
INSERT INTO `timezone` (`timezoneId`) VALUES ('US/Pacific');
INSERT INTO `timezoneTranslation` (`timezoneId`, `langId`, `timezoneName`) VALUES ('US/Pacific', 'en', 'Pacific Standard Time');
INSERT INTO `timezoneTranslation` (`timezoneId`, `langId`, `timezoneName`) VALUES ('US/Pacific', 'ar', 'الوقت الباسيفيكي القياسي');
INSERT INTO `timezone` (`timezoneId`) VALUES ('US/Pacific-New');
INSERT INTO `timezoneTranslation` (`timezoneId`, `langId`, `timezoneName`) VALUES ('US/Pacific-New', 'en', 'Pacific Standard Time');
INSERT INTO `timezoneTranslation` (`timezoneId`, `langId`, `timezoneName`) VALUES ('US/Pacific-New', 'ar', 'الوقت الباسيفيكي القياسي');
INSERT INTO `timezone` (`timezoneId`) VALUES ('US/Samoa');
INSERT INTO `timezoneTranslation` (`timezoneId`, `langId`, `timezoneName`) VALUES ('US/Samoa', 'en', 'Samoa Standard Time');
INSERT INTO `timezoneTranslation` (`timezoneId`, `langId`, `timezoneName`) VALUES ('US/Samoa', 'ar', 'ساموا التوقيت الرسمي');
INSERT INTO `timezone` (`timezoneId`) VALUES ('UTC');
INSERT INTO `timezoneTranslation` (`timezoneId`, `langId`, `timezoneName`) VALUES ('UTC', 'en', 'Coordinated Universal Time');
INSERT INTO `timezoneTranslation` (`timezoneId`, `langId`, `timezoneName`) VALUES ('UTC', 'ar', 'توقيت عالمي متناسق');
INSERT INTO `timezone` (`timezoneId`) VALUES ('Universal');
INSERT INTO `timezoneTranslation` (`timezoneId`, `langId`, `timezoneName`) VALUES ('Universal', 'en', 'Coordinated Universal Time');
INSERT INTO `timezoneTranslation` (`timezoneId`, `langId`, `timezoneName`) VALUES ('Universal', 'ar', 'توقيت عالمي متناسق');
INSERT INTO `timezone` (`timezoneId`) VALUES ('W-SU');
INSERT INTO `timezoneTranslation` (`timezoneId`, `langId`, `timezoneName`) VALUES ('W-SU', 'en', 'Moscow Standard Time');
INSERT INTO `timezoneTranslation` (`timezoneId`, `langId`, `timezoneName`) VALUES ('W-SU', 'ar', 'توقيت موسكو الرسمي');
INSERT INTO `timezone` (`timezoneId`) VALUES ('WET');
INSERT INTO `timezoneTranslation` (`timezoneId`, `langId`, `timezoneName`) VALUES ('WET', 'en', 'Western European Time');
INSERT INTO `timezoneTranslation` (`timezoneId`, `langId`, `timezoneName`) VALUES ('WET', 'ar', 'توقيت غرب أوروبا');
INSERT INTO `timezone` (`timezoneId`) VALUES ('Zulu');
INSERT INTO `timezoneTranslation` (`timezoneId`, `langId`, `timezoneName`) VALUES ('Zulu', 'en', 'Coordinated Universal Time');
INSERT INTO `timezoneTranslation` (`timezoneId`, `langId`, `timezoneName`) VALUES ('Zulu', 'ar', 'توقيت عالمي متناسق');
INSERT INTO `timezone` (`timezoneId`) VALUES ('EST');
INSERT INTO `timezoneTranslation` (`timezoneId`, `langId`, `timezoneName`) VALUES ('EST', 'en', 'Eastern Standard Time');
INSERT INTO `timezoneTranslation` (`timezoneId`, `langId`, `timezoneName`) VALUES ('EST', 'ar', 'التوقيت الشرقي');
INSERT INTO `timezone` (`timezoneId`) VALUES ('HST');
INSERT INTO `timezoneTranslation` (`timezoneId`, `langId`, `timezoneName`) VALUES ('HST', 'en', 'Hawaii Standard Time');
INSERT INTO `timezoneTranslation` (`timezoneId`, `langId`, `timezoneName`) VALUES ('HST', 'ar', 'هاواي التوقيت الرسمي');
INSERT INTO `timezone` (`timezoneId`) VALUES ('MST');
INSERT INTO `timezoneTranslation` (`timezoneId`, `langId`, `timezoneName`) VALUES ('MST', 'en', 'Mountain Standard Time');
INSERT INTO `timezoneTranslation` (`timezoneId`, `langId`, `timezoneName`) VALUES ('MST', 'ar', 'التوقيت الجبلي القياسي');
INSERT INTO `timezone` (`timezoneId`) VALUES ('ACT');
INSERT INTO `timezoneTranslation` (`timezoneId`, `langId`, `timezoneName`) VALUES ('ACT', 'en', 'Australian Central Standard Time (Northern Territory)');
INSERT INTO `timezoneTranslation` (`timezoneId`, `langId`, `timezoneName`) VALUES ('ACT', 'ar', 'التوقيت الرسمي المركزي الأسترالي (الإقليم الشمالي)');
INSERT INTO `timezone` (`timezoneId`) VALUES ('AET');
INSERT INTO `timezoneTranslation` (`timezoneId`, `langId`, `timezoneName`) VALUES ('AET', 'en', 'Australian Eastern Standard Time (New South Wales)');
INSERT INTO `timezoneTranslation` (`timezoneId`, `langId`, `timezoneName`) VALUES ('AET', 'ar', 'التوقيت الرسمي لأستراليا الشرقية (نيو ساوث ويلز)');
INSERT INTO `timezone` (`timezoneId`) VALUES ('AGT');
INSERT INTO `timezoneTranslation` (`timezoneId`, `langId`, `timezoneName`) VALUES ('AGT', 'en', 'Argentine Time');
INSERT INTO `timezoneTranslation` (`timezoneId`, `langId`, `timezoneName`) VALUES ('AGT', 'ar', 'توقيت الأرجنتين');
INSERT INTO `timezone` (`timezoneId`) VALUES ('ART');
INSERT INTO `timezoneTranslation` (`timezoneId`, `langId`, `timezoneName`) VALUES ('ART', 'en', 'Eastern European Time');
INSERT INTO `timezoneTranslation` (`timezoneId`, `langId`, `timezoneName`) VALUES ('ART', 'ar', 'توقيت شرق أوروبا');
INSERT INTO `timezone` (`timezoneId`) VALUES ('AST');
INSERT INTO `timezoneTranslation` (`timezoneId`, `langId`, `timezoneName`) VALUES ('AST', 'en', 'Alaska Standard Time');
INSERT INTO `timezoneTranslation` (`timezoneId`, `langId`, `timezoneName`) VALUES ('AST', 'ar', 'توقيت ألاسكا الرسمي');
INSERT INTO `timezone` (`timezoneId`) VALUES ('BET');
INSERT INTO `timezoneTranslation` (`timezoneId`, `langId`, `timezoneName`) VALUES ('BET', 'en', 'Brasilia Time');
INSERT INTO `timezoneTranslation` (`timezoneId`, `langId`, `timezoneName`) VALUES ('BET', 'ar', 'توقيت برازيليا');
INSERT INTO `timezone` (`timezoneId`) VALUES ('BST');
INSERT INTO `timezoneTranslation` (`timezoneId`, `langId`, `timezoneName`) VALUES ('BST', 'en', 'Bangladesh Time');
INSERT INTO `timezoneTranslation` (`timezoneId`, `langId`, `timezoneName`) VALUES ('BST', 'ar', 'بنجلاديش وقت');
INSERT INTO `timezone` (`timezoneId`) VALUES ('CAT');
INSERT INTO `timezoneTranslation` (`timezoneId`, `langId`, `timezoneName`) VALUES ('CAT', 'en', 'Central African Time');
INSERT INTO `timezoneTranslation` (`timezoneId`, `langId`, `timezoneName`) VALUES ('CAT', 'ar', 'توقيت وسط إفريقيا');
INSERT INTO `timezone` (`timezoneId`) VALUES ('CNT');
INSERT INTO `timezoneTranslation` (`timezoneId`, `langId`, `timezoneName`) VALUES ('CNT', 'en', 'Newfoundland Standard Time');
INSERT INTO `timezoneTranslation` (`timezoneId`, `langId`, `timezoneName`) VALUES ('CNT', 'ar', 'توقيت نيوفاوندلاند الرسمي');
INSERT INTO `timezone` (`timezoneId`) VALUES ('CST');
INSERT INTO `timezoneTranslation` (`timezoneId`, `langId`, `timezoneName`) VALUES ('CST', 'en', 'Central Standard Time');
INSERT INTO `timezoneTranslation` (`timezoneId`, `langId`, `timezoneName`) VALUES ('CST', 'ar', 'الوقت القياسي المركزي');
INSERT INTO `timezone` (`timezoneId`) VALUES ('CTT');
INSERT INTO `timezoneTranslation` (`timezoneId`, `langId`, `timezoneName`) VALUES ('CTT', 'en', 'China Standard Time');
INSERT INTO `timezoneTranslation` (`timezoneId`, `langId`, `timezoneName`) VALUES ('CTT', 'ar', 'الصين التوقيت الرسمي');
INSERT INTO `timezone` (`timezoneId`) VALUES ('EAT');
INSERT INTO `timezoneTranslation` (`timezoneId`, `langId`, `timezoneName`) VALUES ('EAT', 'en', 'Eastern African Time');
INSERT INTO `timezoneTranslation` (`timezoneId`, `langId`, `timezoneName`) VALUES ('EAT', 'ar', 'توقيت شرق إفريقيا');
INSERT INTO `timezone` (`timezoneId`) VALUES ('ECT');
INSERT INTO `timezoneTranslation` (`timezoneId`, `langId`, `timezoneName`) VALUES ('ECT', 'en', 'Central European Time');
INSERT INTO `timezoneTranslation` (`timezoneId`, `langId`, `timezoneName`) VALUES ('ECT', 'ar', 'توقيت وسط أوروبا');
INSERT INTO `timezone` (`timezoneId`) VALUES ('IET');
INSERT INTO `timezoneTranslation` (`timezoneId`, `langId`, `timezoneName`) VALUES ('IET', 'en', 'Eastern Standard Time');
INSERT INTO `timezoneTranslation` (`timezoneId`, `langId`, `timezoneName`) VALUES ('IET', 'ar', 'التوقيت الشرقي');
INSERT INTO `timezone` (`timezoneId`) VALUES ('IST');
INSERT INTO `timezoneTranslation` (`timezoneId`, `langId`, `timezoneName`) VALUES ('IST', 'en', 'India Standard Time');
INSERT INTO `timezoneTranslation` (`timezoneId`, `langId`, `timezoneName`) VALUES ('IST', 'ar', 'توقيت الهند الرسمي');
INSERT INTO `timezone` (`timezoneId`) VALUES ('JST');
INSERT INTO `timezoneTranslation` (`timezoneId`, `langId`, `timezoneName`) VALUES ('JST', 'en', 'Japan Standard Time');
INSERT INTO `timezoneTranslation` (`timezoneId`, `langId`, `timezoneName`) VALUES ('JST', 'ar', 'توقيت اليابان الرسمي');
INSERT INTO `timezone` (`timezoneId`) VALUES ('MIT');
INSERT INTO `timezoneTranslation` (`timezoneId`, `langId`, `timezoneName`) VALUES ('MIT', 'en', 'West Samoa Standard Time');
INSERT INTO `timezoneTranslation` (`timezoneId`, `langId`, `timezoneName`) VALUES ('MIT', 'ar', 'توقيت ساموا الغربية الرسمي');
INSERT INTO `timezone` (`timezoneId`) VALUES ('NET');
INSERT INTO `timezoneTranslation` (`timezoneId`, `langId`, `timezoneName`) VALUES ('NET', 'en', 'Armenia Time');
INSERT INTO `timezoneTranslation` (`timezoneId`, `langId`, `timezoneName`) VALUES ('NET', 'ar', 'توقيت أرمينيا');
INSERT INTO `timezone` (`timezoneId`) VALUES ('NST');
INSERT INTO `timezoneTranslation` (`timezoneId`, `langId`, `timezoneName`) VALUES ('NST', 'en', 'New Zealand Standard Time');
INSERT INTO `timezoneTranslation` (`timezoneId`, `langId`, `timezoneName`) VALUES ('NST', 'ar', 'التوقيت الرسمي لنيوزيلندا');
INSERT INTO `timezone` (`timezoneId`) VALUES ('PLT');
INSERT INTO `timezoneTranslation` (`timezoneId`, `langId`, `timezoneName`) VALUES ('PLT', 'en', 'Pakistan Time');
INSERT INTO `timezoneTranslation` (`timezoneId`, `langId`, `timezoneName`) VALUES ('PLT', 'ar', 'توقيت باكستان');
INSERT INTO `timezone` (`timezoneId`) VALUES ('PNT');
INSERT INTO `timezoneTranslation` (`timezoneId`, `langId`, `timezoneName`) VALUES ('PNT', 'en', 'Mountain Standard Time');
INSERT INTO `timezoneTranslation` (`timezoneId`, `langId`, `timezoneName`) VALUES ('PNT', 'ar', 'التوقيت الجبلي القياسي');
INSERT INTO `timezone` (`timezoneId`) VALUES ('PRT');
INSERT INTO `timezoneTranslation` (`timezoneId`, `langId`, `timezoneName`) VALUES ('PRT', 'en', 'Atlantic Standard Time');
INSERT INTO `timezoneTranslation` (`timezoneId`, `langId`, `timezoneName`) VALUES ('PRT', 'ar', 'توقيت المحيط الأطلسي');
INSERT INTO `timezone` (`timezoneId`) VALUES ('PST');
INSERT INTO `timezoneTranslation` (`timezoneId`, `langId`, `timezoneName`) VALUES ('PST', 'en', 'Pacific Standard Time');
INSERT INTO `timezoneTranslation` (`timezoneId`, `langId`, `timezoneName`) VALUES ('PST', 'ar', 'الوقت الباسيفيكي القياسي');
INSERT INTO `timezone` (`timezoneId`) VALUES ('SST');
INSERT INTO `timezoneTranslation` (`timezoneId`, `langId`, `timezoneName`) VALUES ('SST', 'en', 'Solomon Is. Time');
INSERT INTO `timezoneTranslation` (`timezoneId`, `langId`, `timezoneName`) VALUES ('SST', 'ar', 'سليمان هو. زمن');
INSERT INTO `timezone` (`timezoneId`) VALUES ('VST');
INSERT INTO `timezoneTranslation` (`timezoneId`, `langId`, `timezoneName`) VALUES ('VST', 'en', 'Indochina Time');
INSERT INTO `timezoneTranslation` (`timezoneId`, `langId`, `timezoneName`) VALUES ('VST', 'ar', 'الهند الصينية');

