<?xml version="1.0" encoding="UTF-8"?>
<Configuration>
    <Appenders>
        <Console name="Console" target="SYSTEM_OUT">
            <PatternLayout pattern="%d{ISO8601} %highlight{%-5level} [%t] %C{1.}: %msg%n%throwable"/>
        </Console>

        <RollingFile name="RollingFile" bufferedIO="true"
                     fileName="./logs/app-log.log"
                     filePattern="./logs/$${date:yyyy-MM}/app-%d{-dd-MMMM-yyyy}-%i.log.gz">
            <PatternLayout>
                <pattern>%d %p %C{1.} [%t] %m%n</pattern>
            </PatternLayout>
            <Policies>
                <!-- rollover on startup, daily and when the file reaches 10 MegaBytes -->
                <OnStartupTriggeringPolicy/>
                <SizeBasedTriggeringPolicy size="250 MB"/>
                <TimeBasedTriggeringPolicy/>
            </Policies>
            <DefaultRolloverStrategy max="1000"/>
        </RollingFile>
    </Appenders>

    <Loggers>
        <!-- LOG everything at INFO level -->
        <Root level="debug">
            <AppenderRef ref="Console"/>
            <AppenderRef ref="RollingFile"/>
        </Root>
        <Logger name="org.hibernate" level="info" additivity="false">
            <AppenderRef ref="Console"/>
            <AppenderRef ref="RollingFile"/>
        </Logger>
<!--        org.hibernate.SQL-->
        <Logger name="org.springframework" level="info" additivity="false">
            <AppenderRef ref="Console"/>
            <AppenderRef ref="RollingFile"/>
        </Logger>
        <Logger name="com.zaxxer.hikari" level="info" additivity="false">
            <AppenderRef ref="Console"/>
            <AppenderRef ref="RollingFile"/>
        </Logger>
    </Loggers>

</Configuration>
